CREATE DATABASE  IF NOT EXISTS `peer` /*!40100 DEFAULT CHARACTER SET utf8mb3 */ /*!80016 DEFAULT ENCRYPTION='N' */;
USE `peer`;
-- MySQL dump 10.13  Distrib 8.0.42, for Linux (x86_64)
--
-- Host: localhost    Database: peer
-- ------------------------------------------------------
-- Server version	8.0.42-0ubuntu0.24.04.1

/*!40101 SET @OLD_CHARACTER_SET_CLIENT=@@CHARACTER_SET_CLIENT */;
/*!40101 SET @OLD_CHARACTER_SET_RESULTS=@@CHARACTER_SET_RESULTS */;
/*!40101 SET @OLD_COLLATION_CONNECTION=@@COLLATION_CONNECTION */;
/*!50503 SET NAMES utf8 */;
/*!40103 SET @OLD_TIME_ZONE=@@TIME_ZONE */;
/*!40103 SET TIME_ZONE='+00:00' */;
/*!40014 SET @OLD_UNIQUE_CHECKS=@@UNIQUE_CHECKS, UNIQUE_CHECKS=0 */;
/*!40014 SET @OLD_FOREIGN_KEY_CHECKS=@@FOREIGN_KEY_CHECKS, FOREIGN_KEY_CHECKS=0 */;
/*!40101 SET @OLD_SQL_MODE=@@SQL_MODE, SQL_MODE='NO_AUTO_VALUE_ON_ZERO' */;
/*!40111 SET @OLD_SQL_NOTES=@@SQL_NOTES, SQL_NOTES=0 */;

--
-- Table structure for table `avaliacao`
--

DROP TABLE IF EXISTS `avaliacao`;
/*!40101 SET @saved_cs_client     = @@character_set_client */;
/*!50503 SET character_set_client = utf8mb4 */;
CREATE TABLE `avaliacao` (
  `id_avaliacao` int NOT NULL AUTO_INCREMENT,
  `descricao` varchar(45) DEFAULT NULL,
  `data` datetime NOT NULL,
  `professor_pessoa_id_pessoa` int NOT NULL,
  `porcentagem_tolerancia` double NOT NULL,
  PRIMARY KEY (`id_avaliacao`),
  KEY `fk_avaliacao_professor1_idx` (`professor_pessoa_id_pessoa`),
  CONSTRAINT `fk_avaliacao_professor1` FOREIGN KEY (`professor_pessoa_id_pessoa`) REFERENCES `professor` (`pessoa_id_pessoa`)
) ENGINE=InnoDB AUTO_INCREMENT=9 DEFAULT CHARSET=utf8mb3;
/*!40101 SET character_set_client = @saved_cs_client */;

--
-- Dumping data for table `avaliacao`
--

LOCK TABLES `avaliacao` WRITE;
/*!40000 ALTER TABLE `avaliacao` DISABLE KEYS */;
INSERT INTO `avaliacao` VALUES (5,'2022 - Projeto Integrador','2022-08-18 00:00:00',74,20),(6,'fake','2022-08-26 00:00:00',74,10),(7,'Projeto Integrador 2023','2023-03-09 00:00:00',74,15),(8,'2024 - Projeto Integrador','2024-03-21 00:00:00',74,20);
/*!40000 ALTER TABLE `avaliacao` ENABLE KEYS */;
UNLOCK TABLES;

--
-- Table structure for table `avaliacao_has_avaliadores`
--

DROP TABLE IF EXISTS `avaliacao_has_avaliadores`;
/*!40101 SET @saved_cs_client     = @@character_set_client */;
/*!50503 SET character_set_client = utf8mb4 */;
CREATE TABLE `avaliacao_has_avaliadores` (
  `avaliacao_id_avaliacao` int NOT NULL,
  `avaliador_pessoa_id_pessoa` int NOT NULL,
  `avaliado_pessoa_id_pessoa` int NOT NULL,
  `nota` double NOT NULL,
  `hora` timestamp NOT NULL DEFAULT CURRENT_TIMESTAMP,
  `jaFoiAvaliado` tinyint(1) DEFAULT '0',
  PRIMARY KEY (`avaliacao_id_avaliacao`,`avaliador_pessoa_id_pessoa`,`avaliado_pessoa_id_pessoa`),
  KEY `fk_avaliacao_has_avaliadores_avaliacao_idx` (`avaliacao_id_avaliacao`),
  KEY `fk_avaliacao_has_avaliadores_avaliador1_idx` (`avaliador_pessoa_id_pessoa`),
  KEY `fk_avaliacao_has_avaliadores_avaliado1_idx` (`avaliado_pessoa_id_pessoa`),
  CONSTRAINT `fk_avaliacao_has_avaliadores_avaliacao` FOREIGN KEY (`avaliacao_id_avaliacao`) REFERENCES `avaliacao` (`id_avaliacao`),
  CONSTRAINT `fk_avaliacao_has_avaliadores_avaliado1` FOREIGN KEY (`avaliado_pessoa_id_pessoa`) REFERENCES `avaliado` (`pessoa_id_pessoa`),
  CONSTRAINT `fk_avaliacao_has_avaliadores_avaliador1` FOREIGN KEY (`avaliador_pessoa_id_pessoa`) REFERENCES `avaliador` (`pessoa_id_pessoa`)
) ENGINE=InnoDB DEFAULT CHARSET=utf8mb3;
/*!40101 SET character_set_client = @saved_cs_client */;

--
-- Dumping data for table `avaliacao_has_avaliadores`
--

LOCK TABLES `avaliacao_has_avaliadores` WRITE;
/*!40000 ALTER TABLE `avaliacao_has_avaliadores` DISABLE KEYS */;
INSERT INTO `avaliacao_has_avaliadores` VALUES (7,137,137,10,'2023-05-07 09:49:38',0),(7,137,138,7.8,'2023-06-09 11:35:15',0),(7,137,139,9.1,'2023-05-04 14:18:29',0),(7,137,140,9.2,'2023-06-25 21:30:52',0),(7,137,141,9.6,'2023-05-18 16:06:47',0),(7,137,142,9.2,'2023-10-20 13:34:11',0),(7,137,143,9.7,'2023-04-07 11:17:47',0),(7,137,144,8.8,'2023-04-05 09:20:51',0),(7,137,145,8.8,'2023-04-06 12:43:14',0),(7,137,146,7.4,'2023-05-18 16:13:52',0),(7,137,147,8.6,'2023-04-06 09:40:52',0),(7,137,148,-1,'2023-04-05 09:10:47',0),(7,137,149,8.4,'2023-05-07 09:52:56',0),(7,137,150,7.5,'2023-05-05 09:35:43',0),(7,137,151,-1,'2023-04-05 09:10:48',0),(7,137,152,9.6,'2023-06-20 17:17:07',0),(7,137,153,9.6,'2023-06-25 21:25:44',0),(7,137,154,9,'2023-05-07 10:04:07',0),(7,137,155,9.5,'2023-05-18 16:20:07',0),(7,137,156,-1,'2023-04-05 09:10:48',0),(7,137,157,-1,'2023-04-05 09:10:48',0),(7,137,158,9.5,'2023-04-06 13:56:43',0),(7,137,159,9.9,'2023-04-06 09:30:06',0),(7,137,160,-1,'2023-04-05 09:10:48',0),(7,137,161,9,'2023-04-05 09:32:21',0),(7,137,162,-1,'2023-04-05 09:10:48',0),(7,137,163,-1,'2023-04-05 09:10:48',0),(7,137,164,9.6,'2023-05-18 16:36:37',0),(7,137,165,-1,'2023-04-05 09:10:48',0),(7,138,137,9.9,'2023-05-07 09:44:46',0),(7,138,138,8.8,'2023-06-09 11:38:12',0),(7,138,139,10,'2023-05-04 14:19:55',0),(7,138,140,-1,'2023-04-05 09:10:48',0),(7,138,141,9.8,'2023-05-18 16:04:35',0),(7,138,142,9.9,'2023-05-07 10:08:03',0),(7,138,143,7.4,'2023-04-07 11:15:26',0),(7,138,144,-1,'2023-04-05 09:10:48',0),(7,138,145,9.3,'2023-04-06 13:58:59',0),(7,138,146,7.2,'2023-05-18 16:12:48',0),(7,138,147,8.8,'2023-04-06 09:39:13',0),(7,138,148,-1,'2023-04-05 09:10:48',0),(7,138,149,8.2,'2023-05-07 09:54:37',0),(7,138,150,6.5,'2023-05-05 09:32:40',0),(7,138,151,-1,'2023-04-05 09:10:48',0),(7,138,152,-1,'2023-04-05 09:10:48',0),(7,138,153,9.9,'2023-06-25 21:26:56',0),(7,138,154,9,'2023-05-07 10:02:52',0),(7,138,155,9.8,'2023-05-18 16:22:01',0),(7,138,156,10,'2023-06-09 11:18:28',0),(7,138,157,-1,'2023-04-05 09:10:48',0),(7,138,158,9.4,'2023-04-06 13:54:08',0),(7,138,159,9.9,'2023-04-06 09:30:44',0),(7,138,160,-1,'2023-04-05 09:10:48',0),(7,138,161,9.6,'2023-04-05 09:26:30',0),(7,138,162,10,'2023-06-09 11:26:02',0),(7,138,163,-1,'2023-04-05 09:10:48',0),(7,138,164,9.9,'2023-05-18 16:35:02',0),(7,138,165,10,'2023-06-09 11:14:37',0),(7,139,137,10,'2023-05-07 09:47:49',0),(7,139,138,9.2,'2023-06-09 11:34:36',0),(7,139,139,9.3,'2023-05-04 14:23:06',0),(7,139,140,-1,'2023-04-05 09:10:48',0),(7,139,141,10,'2023-05-18 16:04:27',0),(7,139,142,9.9,'2023-05-07 10:08:43',0),(7,139,143,9.2,'2023-04-07 11:16:04',0),(7,139,144,8.9,'2023-04-05 09:21:13',0),(7,139,145,9.9,'2023-04-06 13:59:16',0),(7,139,146,9.2,'2023-05-18 16:14:31',0),(7,139,147,9,'2023-04-06 09:40:04',0),(7,139,148,-1,'2023-04-05 09:10:48',0),(7,139,149,8.8,'2023-05-07 09:53:30',0),(7,139,150,8.1,'2023-05-05 09:36:37',0),(7,139,151,-1,'2023-04-05 09:10:48',0),(7,139,152,-1,'2023-04-05 09:10:48',0),(7,139,153,9.8,'2023-06-25 21:25:13',0),(7,139,154,9.5,'2023-05-07 10:03:46',0),(7,139,155,9.9,'2023-05-18 16:18:54',0),(7,139,156,9.8,'2023-06-09 11:19:59',0),(7,139,157,-1,'2023-04-05 09:10:48',0),(7,139,158,9.4,'2023-04-06 13:55:37',0),(7,139,159,9.9,'2023-04-06 09:30:19',0),(7,139,160,-1,'2023-04-05 09:10:48',0),(7,139,161,9.3,'2023-04-05 09:25:45',0),(7,139,162,9.8,'2023-06-09 11:28:50',0),(7,139,163,-1,'2023-04-05 09:10:48',0),(7,139,164,9.7,'2023-05-18 16:33:54',0),(7,139,165,9.8,'2023-06-09 11:14:00',0),(7,140,137,9.5,'2023-05-07 09:46:43',0),(7,140,138,9,'2023-06-09 11:36:44',0),(7,140,139,9.8,'2023-05-04 14:21:45',0),(7,140,140,9.7,'2023-06-25 21:32:34',0),(7,140,141,10,'2023-05-18 16:07:28',0),(7,140,142,10,'2023-05-07 10:10:40',0),(7,140,143,8.9,'2023-04-07 11:16:49',0),(7,140,144,9.5,'2023-04-05 09:17:21',0),(7,140,145,9.6,'2023-04-06 14:00:00',0),(7,140,146,9,'2023-05-18 16:07:47',0),(7,140,147,8.7,'2023-04-06 09:41:00',0),(7,140,148,-1,'2023-04-05 09:10:48',0),(7,140,149,8.8,'2023-05-07 09:51:04',0),(7,140,150,7.4,'2023-05-05 09:34:50',0),(7,140,151,-1,'2023-04-05 09:10:48',0),(7,140,152,10,'2023-06-20 17:20:05',0),(7,140,153,9.9,'2023-06-25 21:28:30',0),(7,140,154,9.5,'2023-05-07 10:01:57',0),(7,140,155,9.8,'2023-05-18 16:18:02',0),(7,140,156,9.8,'2023-06-09 11:19:04',0),(7,140,157,-1,'2023-04-05 09:10:48',0),(7,140,158,9.2,'2023-04-06 13:52:33',0),(7,140,159,9.9,'2023-04-06 09:31:25',0),(7,140,160,-1,'2023-04-05 09:10:48',0),(7,140,161,9.8,'2023-04-05 09:24:35',0),(7,140,162,9.8,'2023-06-09 11:27:04',0),(7,140,163,-1,'2023-04-05 09:10:48',0),(7,140,164,9.8,'2023-05-18 16:34:21',0),(7,140,165,9.9,'2023-06-09 11:13:17',0),(7,141,137,10,'2023-05-07 09:48:02',0),(7,141,138,9.1,'2023-06-09 11:34:44',0),(7,141,139,9.7,'2023-05-04 14:19:44',0),(7,141,140,9.4,'2023-06-25 21:33:21',0),(7,141,141,9.8,'2023-05-18 16:04:45',0),(7,141,142,10,'2023-05-07 10:08:14',0),(7,141,143,8.4,'2023-04-07 11:16:31',0),(7,141,144,8.1,'2023-04-05 09:21:21',0),(7,141,145,10,'2023-04-06 14:01:47',0),(7,141,146,8.7,'2023-05-18 16:12:29',0),(7,141,147,8.1,'2023-04-06 09:39:54',0),(7,141,148,-1,'2023-04-05 09:10:49',0),(7,141,149,8.3,'2023-05-07 09:53:55',0),(7,141,150,7.5,'2023-05-05 09:37:32',0),(7,141,151,-1,'2023-04-05 09:10:49',0),(7,141,152,10,'2023-06-20 17:18:39',0),(7,141,153,9.8,'2023-06-25 21:25:04',0),(7,141,154,9.5,'2023-05-07 10:00:49',0),(7,141,155,9.7,'2023-05-18 16:18:46',0),(7,141,156,9.8,'2023-06-09 11:20:07',0),(7,141,157,-1,'2023-04-05 09:10:49',0),(7,141,158,9.5,'2023-04-06 13:55:52',0),(7,141,159,9.9,'2023-04-06 09:32:29',0),(7,141,160,-1,'2023-04-05 09:10:49',0),(7,141,161,9.2,'2023-04-05 09:25:24',0),(7,141,162,9.4,'2023-06-09 11:29:07',0),(7,141,163,-1,'2023-04-05 09:10:49',0),(7,141,164,9.6,'2023-05-18 16:33:42',0),(7,141,165,9.8,'2023-06-09 11:13:52',0),(7,142,137,9.7,'2023-05-07 09:45:24',0),(7,142,138,9.2,'2023-06-09 11:35:57',0),(7,142,139,9.3,'2023-05-04 14:20:33',0),(7,142,140,9.9,'2023-06-25 21:34:46',0),(7,142,141,10,'2023-05-18 16:05:07',0),(7,142,142,9.9,'2023-05-07 10:12:18',0),(7,142,143,9,'2023-04-07 11:18:04',0),(7,142,144,9.5,'2023-04-05 09:18:32',0),(7,142,145,9.8,'2023-04-06 13:59:49',0),(7,142,146,-1,'2023-04-05 09:10:49',0),(7,142,147,8.6,'2023-04-06 09:42:27',0),(7,142,148,-1,'2023-04-05 09:10:49',0),(7,142,149,8.3,'2023-05-07 09:55:05',0),(7,142,150,7.9,'2023-05-05 09:35:10',0),(7,142,151,-1,'2023-04-05 09:10:49',0),(7,142,152,9.9,'2023-06-25 21:31:12',0),(7,142,153,9.9,'2023-06-25 21:27:22',0),(7,142,154,9.5,'2023-05-07 10:01:18',0),(7,142,155,9.8,'2023-05-18 16:17:26',0),(7,142,156,9.8,'2023-06-09 11:18:21',0),(7,142,157,-1,'2023-04-05 09:10:49',0),(7,142,158,9.3,'2023-04-06 13:53:25',0),(7,142,159,9.9,'2023-04-06 09:33:09',0),(7,142,160,-1,'2023-04-05 09:10:49',0),(7,142,161,9.6,'2023-04-05 09:27:22',0),(7,142,162,10,'2023-06-09 11:24:29',0),(7,142,163,-1,'2023-04-05 09:10:49',0),(7,142,164,9.6,'2023-05-18 16:36:05',0),(7,142,165,10,'2023-06-09 11:12:40',0),(7,143,137,-1,'2023-04-05 09:10:49',0),(7,143,138,8.3,'2023-06-09 11:35:02',0),(7,143,139,9.2,'2023-05-04 14:18:46',0),(7,143,140,9.5,'2023-06-25 21:30:38',0),(7,143,141,9.8,'2023-05-18 16:06:38',0),(7,143,142,9.8,'2023-05-07 10:09:22',0),(7,143,143,8.8,'2023-04-07 11:18:45',0),(7,143,144,8.6,'2023-04-05 09:21:01',0),(7,143,145,9.5,'2023-04-06 12:43:27',0),(7,143,146,7.9,'2023-05-18 16:14:09',0),(7,143,147,8.7,'2023-04-06 09:41:37',0),(7,143,148,-1,'2023-04-05 09:10:49',0),(7,143,149,8.9,'2023-05-07 09:52:46',0),(7,143,150,7.5,'2023-05-05 09:35:33',0),(7,143,151,-1,'2023-04-05 09:10:49',0),(7,143,152,9.9,'2023-06-20 17:17:54',0),(7,143,153,9.9,'2023-06-25 21:25:35',0),(7,143,154,9.5,'2023-05-07 10:04:16',0),(7,143,155,9.8,'2023-05-18 16:20:17',0),(7,143,156,9.6,'2023-06-09 11:22:41',0),(7,143,157,-1,'2023-04-05 09:10:49',0),(7,143,158,9.8,'2023-04-06 13:53:07',0),(7,143,159,9.9,'2023-04-06 09:29:52',0),(7,143,160,-1,'2023-04-05 09:10:49',0),(7,143,161,9.3,'2023-04-05 09:28:37',0),(7,143,162,9.7,'2023-06-09 11:28:29',0),(7,143,163,-1,'2023-04-05 09:10:49',0),(7,143,164,9.8,'2023-05-18 16:36:16',0),(7,143,165,9.9,'2023-06-09 11:15:13',0),(7,144,137,9.7,'2023-05-07 09:47:25',0),(7,144,138,9.1,'2023-06-09 11:34:52',0),(7,144,139,9.2,'2023-05-04 14:19:23',0),(7,144,140,-1,'2023-04-05 09:10:49',0),(7,144,141,9.6,'2023-05-18 16:04:07',0),(7,144,142,9.9,'2023-05-07 10:06:48',0),(7,144,143,9.4,'2023-04-07 11:16:12',0),(7,144,144,9.1,'2023-04-05 09:22:32',0),(7,144,145,9.7,'2023-04-06 13:59:32',0),(7,144,146,9.3,'2023-05-18 16:14:20',0),(7,144,147,8.9,'2023-04-06 09:39:46',0),(7,144,148,-1,'2023-04-05 09:10:50',0),(7,144,149,8.5,'2023-05-07 09:53:14',0),(7,144,150,7.1,'2023-05-05 09:37:23',0),(7,144,151,-1,'2023-04-05 09:10:50',0),(7,144,152,-1,'2023-04-05 09:10:50',0),(7,144,153,9.7,'2023-06-25 21:24:40',0),(7,144,154,-1,'2023-04-05 09:10:50',0),(7,144,155,9.8,'2023-05-18 16:18:37',0),(7,144,156,9.7,'2023-06-09 11:20:29',0),(7,144,157,-1,'2023-04-05 09:10:50',0),(7,144,158,9,'2023-04-06 13:55:45',0),(7,144,159,9.9,'2023-04-06 09:31:59',0),(7,144,160,-1,'2023-04-05 09:10:50',0),(7,144,161,9.5,'2023-04-05 09:28:00',0),(7,144,162,9.8,'2023-06-09 11:28:59',0),(7,144,163,-1,'2023-04-05 09:10:50',0),(7,144,164,9.5,'2023-05-18 16:35:24',0),(7,144,165,9.9,'2023-06-09 11:16:01',0),(7,145,137,9.9,'2023-05-07 09:48:32',0),(7,145,138,9,'2023-06-09 11:37:02',0),(7,145,139,9.1,'2023-05-04 14:18:17',0),(7,145,140,9.4,'2023-06-25 21:33:42',0),(7,145,141,-1,'2023-04-05 09:10:50',0),(7,145,142,9.9,'2023-05-07 10:08:31',0),(7,145,143,8.3,'2023-04-07 11:14:50',0),(7,145,144,9.1,'2023-04-05 09:19:54',0),(7,145,145,9,'2023-04-06 14:02:58',0),(7,145,146,8,'2023-06-20 13:21:43',0),(7,145,147,8.9,'2023-04-06 09:43:31',0),(7,145,148,-1,'2023-04-05 09:10:50',0),(7,145,149,7.4,'2023-05-07 09:52:02',0),(7,145,150,7.9,'2023-05-05 09:36:27',0),(7,145,151,-1,'2023-04-05 09:10:50',0),(7,145,152,9.9,'2023-06-25 21:32:00',0),(7,145,153,9.9,'2023-06-25 21:25:25',0),(7,145,154,9.3,'2023-05-07 10:03:15',0),(7,145,155,9.9,'2023-05-18 16:18:21',0),(7,145,156,9.6,'2023-06-09 11:19:36',0),(7,145,157,-1,'2023-04-05 09:10:50',0),(7,145,158,9.1,'2023-04-06 13:56:24',0),(7,145,159,9.9,'2023-04-06 09:29:44',0),(7,145,160,-1,'2023-04-05 09:10:50',0),(7,145,161,9.4,'2023-04-05 09:27:51',0),(7,145,162,9.3,'2023-06-09 11:29:37',0),(7,145,163,-1,'2023-04-05 09:10:50',0),(7,145,164,9.5,'2023-05-18 16:33:24',0),(7,145,165,9.7,'2023-06-09 11:14:09',0),(7,146,137,-1,'2023-04-05 09:10:50',0),(7,146,138,9.1,'2023-06-09 11:38:03',0),(7,146,139,10,'2023-05-04 14:17:53',0),(7,146,140,9.5,'2023-06-25 21:34:20',0),(7,146,141,9.1,'2023-05-18 16:06:28',0),(7,146,142,9.1,'2023-05-07 10:07:29',0),(7,146,143,9.2,'2023-04-07 11:17:09',0),(7,146,144,9.3,'2023-04-05 09:18:15',0),(7,146,145,9.3,'2023-04-06 14:00:16',0),(7,146,146,8,'2023-05-18 16:15:24',0),(7,146,147,8.1,'2023-04-06 09:40:39',0),(7,146,148,-1,'2023-04-05 09:10:50',0),(7,146,149,9.1,'2023-05-07 09:55:15',0),(7,146,150,6.9,'2023-05-05 09:38:05',0),(7,146,151,-1,'2023-04-05 09:10:50',0),(7,146,152,9.1,'2023-06-20 17:16:59',0),(7,146,153,-1,'2023-04-05 09:10:50',0),(7,146,154,-1,'2023-04-05 09:10:50',0),(7,146,155,8.9,'2023-05-18 16:20:38',0),(7,146,156,9.1,'2023-06-09 11:17:29',0),(7,146,157,-1,'2023-04-05 09:10:50',0),(7,146,158,9.7,'2023-04-06 13:54:56',0),(7,146,159,9.9,'2023-04-06 09:29:15',0),(7,146,160,-1,'2023-04-05 09:10:50',0),(7,146,161,9.8,'2023-04-05 09:25:16',0),(7,146,162,10,'2023-06-09 11:29:17',0),(7,146,163,-1,'2023-04-05 09:10:50',0),(7,146,164,9.9,'2023-05-18 16:31:57',0),(7,146,165,9.1,'2023-06-09 11:13:00',0),(7,147,137,9.5,'2023-05-07 09:46:14',0),(7,147,138,9.2,'2023-06-09 11:35:49',0),(7,147,139,9.7,'2023-05-04 14:20:59',0),(7,147,140,10,'2023-06-25 21:34:35',0),(7,147,141,-1,'2023-04-05 09:10:50',0),(7,147,142,-1,'2023-04-05 09:10:50',0),(7,147,143,8.9,'2023-04-07 11:15:18',0),(7,147,144,9.4,'2023-04-05 09:18:46',0),(7,147,145,10,'2023-04-06 14:01:55',0),(7,147,146,-1,'2023-04-05 09:10:50',0),(7,147,147,8.9,'2023-04-06 09:43:57',0),(7,147,148,-1,'2023-04-05 09:10:50',0),(7,147,149,8.5,'2023-05-07 09:54:46',0),(7,147,150,8.9,'2023-05-05 09:34:26',0),(7,147,151,-1,'2023-04-05 09:10:50',0),(7,147,152,10,'2023-06-20 17:19:39',0),(7,147,153,-1,'2023-04-05 09:10:50',0),(7,147,154,9.3,'2023-05-07 10:00:38',0),(7,147,155,9.8,'2023-05-18 16:21:31',0),(7,147,156,-1,'2023-04-05 09:10:51',0),(7,147,157,-1,'2023-04-05 09:10:51',0),(7,147,158,9.3,'2023-04-06 13:56:05',0),(7,147,159,9.9,'2023-04-06 09:32:58',0),(7,147,160,-1,'2023-04-05 09:10:51',0),(7,147,161,9.2,'2023-04-05 09:26:12',0),(7,147,162,10,'2023-06-09 11:24:22',0),(7,147,163,-1,'2023-04-05 09:10:51',0),(7,147,164,9.2,'2023-05-18 16:35:12',0),(7,147,165,-1,'2023-04-05 09:10:51',0),(7,148,137,-1,'2023-04-05 09:10:51',0),(7,148,138,-1,'2023-04-05 09:10:51',0),(7,148,139,-1,'2023-04-05 09:10:51',0),(7,148,140,-1,'2023-04-05 09:10:51',0),(7,148,141,-1,'2023-04-05 09:10:51',0),(7,148,142,-1,'2023-04-05 09:10:51',0),(7,148,143,-1,'2023-04-05 09:10:51',0),(7,148,144,-1,'2023-04-05 09:10:51',0),(7,148,145,-1,'2023-04-05 09:10:51',0),(7,148,146,-1,'2023-04-05 09:10:51',0),(7,148,147,-1,'2023-04-05 09:10:51',0),(7,148,148,-1,'2023-04-05 09:10:51',0),(7,148,149,-1,'2023-04-05 09:10:51',0),(7,148,150,-1,'2023-04-05 09:10:51',0),(7,148,151,-1,'2023-04-05 09:10:51',0),(7,148,152,-1,'2023-04-05 09:10:51',0),(7,148,153,-1,'2023-04-05 09:10:51',0),(7,148,154,-1,'2023-04-05 09:10:51',0),(7,148,155,-1,'2023-04-05 09:10:51',0),(7,148,156,-1,'2023-04-05 09:10:51',0),(7,148,157,-1,'2023-04-05 09:10:51',0),(7,148,158,-1,'2023-04-05 09:10:51',0),(7,148,159,-1,'2023-04-05 09:10:51',0),(7,148,160,-1,'2023-04-05 09:10:51',0),(7,148,161,-1,'2023-04-05 09:10:51',0),(7,148,162,-1,'2023-04-05 09:10:51',0),(7,148,163,-1,'2023-04-05 09:10:51',0),(7,148,164,-1,'2023-04-05 09:10:51',0),(7,148,165,-1,'2023-04-05 09:10:51',0),(7,149,137,-1,'2023-04-05 09:10:51',0),(7,149,138,9.6,'2023-06-09 11:37:23',0),(7,149,139,10,'2023-05-04 14:20:13',0),(7,149,140,9.9,'2023-06-25 21:36:01',0),(7,149,141,-1,'2023-04-05 09:10:51',0),(7,149,142,-1,'2023-04-05 09:10:51',0),(7,149,143,7.9,'2023-04-07 11:15:08',0),(7,149,144,8.6,'2023-04-05 09:19:13',0),(7,149,145,9.7,'2023-04-06 12:43:39',0),(7,149,146,-1,'2023-04-05 09:10:51',0),(7,149,147,9.1,'2023-04-06 09:44:33',0),(7,149,148,-1,'2023-04-05 09:10:51',0),(7,149,149,8.7,'2023-05-07 09:56:13',0),(7,149,150,9.7,'2023-05-05 09:32:58',0),(7,149,151,-1,'2023-04-05 09:10:51',0),(7,149,152,10,'2023-06-20 17:19:13',0),(7,149,153,10,'2023-06-25 21:27:08',0),(7,149,154,-1,'2023-04-05 09:10:51',0),(7,149,155,9.7,'2023-05-18 16:19:23',0),(7,149,156,10,'2023-06-09 11:18:37',0),(7,149,157,-1,'2023-04-05 09:10:51',0),(7,149,158,9.4,'2023-04-06 13:54:00',0),(7,149,159,9.9,'2023-04-06 09:30:52',0),(7,149,160,-1,'2023-04-05 09:10:51',0),(7,149,161,9.4,'2023-04-05 09:26:22',0),(7,149,162,10,'2023-06-09 11:26:12',0),(7,149,163,-1,'2023-04-05 09:10:51',0),(7,149,164,9.9,'2023-05-18 16:34:43',0),(7,149,165,10,'2023-06-09 11:14:30',0),(7,150,137,-1,'2023-04-05 09:10:51',0),(7,150,138,-1,'2023-04-05 09:10:51',0),(7,150,139,9.6,'2023-05-04 14:22:08',0),(7,150,140,-1,'2023-04-05 09:10:51',0),(7,150,141,9.6,'2023-05-18 16:06:00',0),(7,150,142,9,'2023-05-07 10:09:11',0),(7,150,143,-1,'2023-04-05 09:10:51',0),(7,150,144,9,'2023-04-05 09:21:47',0),(7,150,145,-1,'2023-04-05 09:10:51',0),(7,150,146,9,'2023-05-18 16:12:22',0),(7,150,147,8.8,'2023-04-06 09:40:17',0),(7,150,148,-1,'2023-04-05 09:10:51',0),(7,150,149,8.6,'2023-05-07 09:52:30',0),(7,150,150,8,'2023-05-07 09:58:48',0),(7,150,151,8.1,'2023-05-07 09:58:56',0),(7,150,152,-1,'2023-04-05 09:10:51',0),(7,150,153,9.5,'2023-06-25 21:24:55',0),(7,150,154,8.8,'2023-05-07 10:02:10',0),(7,150,155,9,'2023-05-18 16:20:59',0),(7,150,156,9,'2023-06-09 11:19:17',0),(7,150,157,-1,'2023-04-05 09:10:52',0),(7,150,158,-1,'2023-04-05 09:10:52',0),(7,150,159,9.9,'2023-04-06 09:31:42',0),(7,150,160,-1,'2023-04-05 09:10:52',0),(7,150,161,8.7,'2023-04-05 09:29:22',0),(7,150,162,-1,'2023-04-05 09:10:52',0),(7,150,163,-1,'2023-04-05 09:10:52',0),(7,150,164,-1,'2023-04-05 09:10:52',0),(7,150,165,9.1,'2023-06-09 11:15:52',0),(7,151,137,9.9,'2023-05-07 09:46:59',0),(7,151,138,9.1,'2023-06-09 11:34:14',0),(7,151,139,9.3,'2023-05-04 14:17:41',0),(7,151,140,9.4,'2023-06-25 21:34:05',0),(7,151,141,9.8,'2023-05-18 16:03:43',0),(7,151,142,-1,'2023-04-05 09:10:52',0),(7,151,143,9,'2023-04-07 11:17:22',0),(7,151,144,8.6,'2023-04-05 09:18:06',0),(7,151,145,8.9,'2023-04-06 14:00:27',0),(7,151,146,9,'2023-05-18 16:13:42',0),(7,151,147,9.8,'2023-04-06 09:45:01',0),(7,151,148,-1,'2023-04-05 09:10:52',0),(7,151,149,8.6,'2023-05-07 09:51:30',0),(7,151,150,7.4,'2023-05-05 09:35:22',0),(7,151,151,8.9,'2023-05-07 09:58:01',0),(7,151,152,9.9,'2023-06-20 17:16:48',0),(7,151,153,9.8,'2023-06-25 21:28:48',0),(7,151,154,-1,'2023-04-05 09:10:52',0),(7,151,155,9.7,'2023-05-18 16:18:12',0),(7,151,156,9.2,'2023-06-09 11:17:20',0),(7,151,157,-1,'2023-04-05 09:10:52',0),(7,151,158,9.8,'2023-04-06 13:55:13',0),(7,151,159,9.9,'2023-04-06 09:31:51',0),(7,151,160,-1,'2023-04-05 09:10:52',0),(7,151,161,9.9,'2023-04-05 09:24:10',0),(7,151,162,9.3,'2023-06-09 11:29:45',0),(7,151,163,-1,'2023-04-05 09:10:52',0),(7,151,164,9.3,'2023-05-18 16:32:19',0),(7,151,165,9.9,'2023-06-09 11:15:29',0),(7,152,137,9.5,'2023-05-07 09:46:00',0),(7,152,138,9,'2023-06-09 11:36:37',0),(7,152,139,9.8,'2023-05-04 14:21:11',0),(7,152,140,9.9,'2023-06-25 21:35:15',0),(7,152,141,10,'2023-05-18 16:05:45',0),(7,152,142,10,'2023-05-07 10:10:05',0),(7,152,143,8.9,'2023-04-07 11:16:43',0),(7,152,144,9.5,'2023-04-05 09:17:39',0),(7,152,145,9.6,'2023-04-06 14:00:08',0),(7,152,146,9,'2023-05-18 16:11:42',0),(7,152,147,8.8,'2023-04-06 09:41:09',0),(7,152,148,-1,'2023-04-05 09:10:52',0),(7,152,149,8.9,'2023-05-07 09:52:19',0),(7,152,150,7.3,'2023-05-05 09:34:16',0),(7,152,151,-1,'2023-04-05 09:10:52',0),(7,152,152,10,'2023-06-20 17:16:13',0),(7,152,153,9.9,'2023-06-25 21:27:51',0),(7,152,154,9.5,'2023-05-07 10:01:00',0),(7,152,155,9.8,'2023-05-18 16:17:36',0),(7,152,156,9.8,'2023-06-09 11:18:02',0),(7,152,157,-1,'2023-04-05 09:10:52',0),(7,152,158,9.4,'2023-04-06 13:56:16',0),(7,152,159,9.9,'2023-04-06 09:31:33',0),(7,152,160,-1,'2023-04-05 09:10:52',0),(7,152,161,9.8,'2023-04-05 09:24:43',0),(7,152,162,9.8,'2023-06-09 11:26:32',0),(7,152,163,-1,'2023-04-05 09:10:52',0),(7,152,164,9.8,'2023-05-18 16:34:34',0),(7,152,165,-1,'2023-04-05 09:10:52',0),(7,153,137,10,'2023-05-07 09:48:24',0),(7,153,138,8.6,'2023-06-09 11:36:54',0),(7,153,139,9,'2023-05-04 14:18:07',0),(7,153,140,9.4,'2023-06-25 21:33:32',0),(7,153,141,-1,'2023-04-05 09:10:52',0),(7,153,142,10,'2023-05-07 10:11:14',0),(7,153,143,8.2,'2023-04-07 11:14:41',0),(7,153,144,9,'2023-04-05 09:19:43',0),(7,153,145,9.9,'2023-04-06 14:00:39',0),(7,153,146,-1,'2023-04-05 09:10:52',0),(7,153,147,9.1,'2023-04-06 09:43:01',0),(7,153,148,-1,'2023-04-05 09:10:52',0),(7,153,149,7.4,'2023-05-07 09:51:53',0),(7,153,150,7.9,'2023-05-05 09:36:16',0),(7,153,151,-1,'2023-04-05 09:10:52',0),(7,153,152,9.9,'2023-06-25 21:31:49',0),(7,153,153,10,'2023-06-25 21:24:05',0),(7,153,154,9.4,'2023-05-07 10:03:04',0),(7,153,155,9.9,'2023-05-18 16:20:49',0),(7,153,156,-1,'2023-04-05 09:10:52',0),(7,153,157,-1,'2023-04-05 09:10:52',0),(7,153,158,9.4,'2023-04-06 13:56:35',0),(7,153,159,9.9,'2023-04-06 09:32:23',0),(7,153,160,-1,'2023-04-05 09:10:52',0),(7,153,161,9.4,'2023-04-05 09:28:11',0),(7,153,162,9.7,'2023-06-09 11:29:28',0),(7,153,163,-1,'2023-04-05 09:10:53',0),(7,153,164,9.3,'2023-05-18 16:33:04',0),(7,153,165,10,'2023-06-09 11:12:25',0),(7,154,137,9.5,'2023-05-07 09:46:21',0),(7,154,138,9,'2023-06-09 11:35:37',0),(7,154,139,9.8,'2023-05-04 14:21:35',0),(7,154,140,9.9,'2023-06-25 21:35:37',0),(7,154,141,9.8,'2023-05-18 16:05:27',0),(7,154,142,9.9,'2023-05-07 10:09:54',0),(7,154,143,8.1,'2023-04-07 11:18:25',0),(7,154,144,9.4,'2023-04-05 09:17:52',0),(7,154,145,9.7,'2023-04-06 14:01:21',0),(7,154,146,8.9,'2023-05-18 16:08:24',0),(7,154,147,8.8,'2023-04-06 09:41:29',0),(7,154,148,-1,'2023-04-05 09:10:53',0),(7,154,149,8.9,'2023-05-07 09:50:50',0),(7,154,150,7.4,'2023-05-05 09:34:06',0),(7,154,151,-1,'2023-04-05 09:10:53',0),(7,154,152,10,'2023-06-25 21:31:37',0),(7,154,153,9.9,'2023-06-25 21:28:10',0),(7,154,154,9.5,'2023-05-07 10:05:24',0),(7,154,155,9.8,'2023-05-18 16:17:44',0),(7,154,156,9.7,'2023-06-09 11:17:54',0),(7,154,157,-1,'2023-04-05 09:10:53',0),(7,154,158,9,'2023-04-06 13:52:57',0),(7,154,159,9.9,'2023-04-06 09:31:10',0),(7,154,160,-1,'2023-04-05 09:10:53',0),(7,154,161,9.6,'2023-04-05 09:24:53',0),(7,154,162,9.7,'2023-06-09 11:26:20',0),(7,154,163,-1,'2023-04-05 09:10:53',0),(7,154,164,9.8,'2023-05-18 16:34:03',0),(7,154,165,9.9,'2023-06-09 11:13:09',0),(7,155,137,10,'2023-05-07 09:47:37',0),(7,155,138,9,'2023-06-09 11:34:28',0),(7,155,139,10,'2023-05-04 14:19:12',0),(7,155,140,9.5,'2023-06-25 21:32:48',0),(7,155,141,9.2,'2023-05-18 16:03:56',0),(7,155,142,9.9,'2023-05-07 10:08:57',0),(7,155,143,9.5,'2023-04-07 11:16:22',0),(7,155,144,9.5,'2023-04-05 09:20:05',0),(7,155,145,9.8,'2023-04-06 13:59:08',0),(7,155,146,9.2,'2023-05-18 16:13:32',0),(7,155,147,8.7,'2023-04-06 09:39:33',0),(7,155,148,-1,'2023-04-05 09:10:53',0),(7,155,149,8.5,'2023-05-07 09:53:41',0),(7,155,150,8.7,'2023-05-05 09:35:53',0),(7,155,151,-1,'2023-04-05 09:10:53',0),(7,155,152,9.7,'2023-06-20 17:18:19',0),(7,155,153,9.8,'2023-06-25 21:24:30',0),(7,155,154,9,'2023-05-07 10:03:25',0),(7,155,155,9.5,'2023-05-18 16:16:52',0),(7,155,156,9.7,'2023-06-09 11:19:49',0),(7,155,157,-1,'2023-04-05 09:10:53',0),(7,155,158,9.6,'2023-04-06 13:54:38',0),(7,155,159,9.9,'2023-04-06 09:30:13',0),(7,155,160,-1,'2023-04-05 09:10:53',0),(7,155,161,9.6,'2023-04-05 09:25:56',0),(7,155,162,10,'2023-06-09 11:28:39',0),(7,155,163,-1,'2023-04-05 09:10:53',0),(7,155,164,9.7,'2023-05-18 16:33:14',0),(7,155,165,10,'2023-06-09 11:13:46',0),(7,156,137,9.8,'2023-05-07 09:45:36',0),(7,156,138,9.3,'2023-06-09 11:36:16',0),(7,156,139,9.4,'2023-05-04 14:21:57',0),(7,156,140,9.9,'2023-06-25 21:35:47',0),(7,156,141,9.9,'2023-05-18 16:01:57',0),(7,156,142,9.9,'2023-05-07 10:10:17',0),(7,156,143,9,'2023-04-07 11:18:18',0),(7,156,144,9.4,'2023-04-05 09:19:00',0),(7,156,145,9.9,'2023-04-06 13:59:40',0),(7,156,146,-1,'2023-04-05 09:10:53',0),(7,156,147,8.5,'2023-04-06 09:42:15',0),(7,156,148,-1,'2023-04-05 09:10:53',0),(7,156,149,8.5,'2023-05-07 09:54:57',0),(7,156,150,7.9,'2023-05-05 09:34:42',0),(7,156,151,-1,'2023-04-05 09:10:53',0),(7,156,152,10,'2023-06-20 17:19:47',0),(7,156,153,-1,'2023-04-05 09:10:53',0),(7,156,154,9.5,'2023-05-07 10:01:29',0),(7,156,155,9.8,'2023-05-18 16:17:05',0),(7,156,156,9.7,'2023-06-09 11:20:49',0),(7,156,157,-1,'2023-04-05 09:10:53',0),(7,156,158,9.3,'2023-04-06 13:53:17',0),(7,156,159,9.9,'2023-04-06 09:32:47',0),(7,156,160,-1,'2023-04-05 09:10:53',0),(7,156,161,9.6,'2023-04-05 09:27:41',0),(7,156,162,9.7,'2023-06-09 11:24:50',0),(7,156,163,-1,'2023-04-05 09:10:54',0),(7,156,164,9.6,'2023-05-18 16:35:53',0),(7,156,165,9.9,'2023-06-09 11:13:25',0),(7,157,137,10,'2023-05-07 09:45:14',0),(7,157,138,-1,'2023-04-05 09:10:54',0),(7,157,139,-1,'2023-04-05 09:10:54',0),(7,157,140,-1,'2023-04-05 09:10:54',0),(7,157,141,-1,'2023-04-05 09:10:54',0),(7,157,142,9.7,'2023-05-07 10:07:54',0),(7,157,143,8.3,'2023-04-07 11:14:59',0),(7,157,144,8.4,'2023-04-05 09:19:23',0),(7,157,145,9.9,'2023-04-06 13:58:52',0),(7,157,146,-1,'2023-04-05 09:10:54',0),(7,157,147,8.9,'2023-04-06 09:38:53',0),(7,157,148,-1,'2023-04-05 09:10:54',0),(7,157,149,8.4,'2023-05-07 09:54:05',0),(7,157,150,-1,'2023-04-05 09:10:54',0),(7,157,151,-1,'2023-04-05 09:10:54',0),(7,157,152,-1,'2023-04-05 09:10:54',0),(7,157,153,-1,'2023-04-05 09:10:54',0),(7,157,154,9.5,'2023-05-07 10:02:41',0),(7,157,155,-1,'2023-04-05 09:10:54',0),(7,157,156,9.2,'2023-06-09 11:22:28',0),(7,157,157,-1,'2023-04-05 09:10:54',0),(7,157,158,9.4,'2023-04-06 13:53:50',0),(7,157,159,9.9,'2023-04-06 09:30:36',0),(7,157,160,-1,'2023-04-05 09:10:54',0),(7,157,161,9.4,'2023-04-05 09:26:47',0),(7,157,162,-1,'2023-04-05 09:10:54',0),(7,157,163,-1,'2023-04-05 09:10:54',0),(7,157,164,-1,'2023-04-05 09:10:54',0),(7,157,165,-1,'2023-04-05 09:10:54',0),(7,158,137,-1,'2023-04-05 09:10:54',0),(7,158,138,8.9,'2023-06-09 11:37:31',0),(7,158,139,9.8,'2023-05-04 14:22:22',0),(7,158,140,9.9,'2023-06-25 21:35:05',0),(7,158,141,9.9,'2023-05-18 16:03:32',0),(7,158,142,9.8,'2023-05-07 10:10:51',0),(7,158,143,9.2,'2023-04-07 11:17:57',0),(7,158,144,9.6,'2023-04-05 09:18:24',0),(7,158,145,9.8,'2023-04-06 14:01:29',0),(7,158,146,8.1,'2023-05-18 16:12:02',0),(7,158,147,9,'2023-04-06 09:41:57',0),(7,158,148,-1,'2023-04-05 09:10:54',0),(7,158,149,8.8,'2023-05-07 09:52:38',0),(7,158,150,7.2,'2023-05-05 09:36:56',0),(7,158,151,-1,'2023-04-05 09:10:54',0),(7,158,152,10,'2023-06-20 17:19:01',0),(7,158,153,10,'2023-06-25 21:26:27',0),(7,158,154,9.3,'2023-05-07 10:04:40',0),(7,158,155,9.5,'2023-05-18 16:19:52',0),(7,158,156,9.8,'2023-06-09 11:18:48',0),(7,158,157,-1,'2023-04-05 09:10:54',0),(7,158,158,9.4,'2023-04-06 13:57:23',0),(7,158,159,9.9,'2023-04-06 09:30:58',0),(7,158,160,-1,'2023-04-05 09:10:54',0),(7,158,161,9.4,'2023-04-05 09:24:26',0),(7,158,162,9.7,'2023-06-09 11:27:50',0),(7,158,163,-1,'2023-04-05 09:10:54',0),(7,158,164,9.7,'2023-05-18 16:35:34',0),(7,158,165,9.9,'2023-06-09 11:13:35',0),(7,159,137,9.5,'2023-05-07 09:46:32',0),(7,159,138,9,'2023-06-09 11:35:28',0),(7,159,139,9.8,'2023-05-04 14:21:22',0),(7,159,140,10,'2023-06-25 21:35:25',0),(7,159,141,10,'2023-05-18 16:05:17',0),(7,159,142,10,'2023-05-07 10:10:31',0),(7,159,143,8.9,'2023-04-07 11:16:59',0),(7,159,144,9.5,'2023-04-05 09:22:01',0),(7,159,145,9.7,'2023-04-06 14:01:38',0),(7,159,146,8.9,'2023-05-18 16:11:31',0),(7,159,147,8.4,'2023-04-06 09:41:20',0),(7,159,148,-1,'2023-04-05 09:10:54',0),(7,159,149,8.8,'2023-05-07 09:51:20',0),(7,159,150,7.5,'2023-05-05 09:35:01',0),(7,159,151,-1,'2023-04-05 09:10:54',0),(7,159,152,10,'2023-06-25 21:31:27',0),(7,159,153,9.9,'2023-06-25 21:28:20',0),(7,159,154,9.6,'2023-05-07 10:01:47',0),(7,159,155,9.8,'2023-05-18 16:17:53',0),(7,159,156,9.8,'2023-06-09 11:17:46',0),(7,159,157,-1,'2023-04-05 09:10:54',0),(7,159,158,9.3,'2023-04-06 13:52:48',0),(7,159,159,9.9,'2023-04-06 09:29:36',0),(7,159,160,-1,'2023-04-05 09:10:54',0),(7,159,161,9.8,'2023-04-05 09:25:03',0),(7,159,162,10,'2023-06-09 11:24:38',0),(7,159,163,-1,'2023-04-05 09:10:55',0),(7,159,164,9.8,'2023-05-18 16:34:13',0),(7,159,165,10,'2023-06-09 11:12:32',0),(7,160,137,-1,'2023-04-05 09:10:55',0),(7,160,138,-1,'2023-04-05 09:10:55',0),(7,160,139,-1,'2023-04-05 09:10:55',0),(7,160,140,-1,'2023-04-05 09:10:55',0),(7,160,141,-1,'2023-04-05 09:10:55',0),(7,160,142,-1,'2023-04-05 09:10:55',0),(7,160,143,-1,'2023-04-05 09:10:55',0),(7,160,144,-1,'2023-04-05 09:10:55',0),(7,160,145,-1,'2023-04-05 09:10:55',0),(7,160,146,-1,'2023-04-05 09:10:55',0),(7,160,147,-1,'2023-04-05 09:10:55',0),(7,160,148,-1,'2023-04-05 09:10:55',0),(7,160,149,-1,'2023-04-05 09:10:55',0),(7,160,150,-1,'2023-04-05 09:10:55',0),(7,160,151,-1,'2023-04-05 09:10:55',0),(7,160,152,-1,'2023-04-05 09:10:55',0),(7,160,153,-1,'2023-04-05 09:10:55',0),(7,160,154,-1,'2023-04-05 09:10:55',0),(7,160,155,-1,'2023-04-05 09:10:55',0),(7,160,156,-1,'2023-04-05 09:10:55',0),(7,160,157,-1,'2023-04-05 09:10:55',0),(7,160,158,-1,'2023-04-05 09:10:55',0),(7,160,159,-1,'2023-04-05 09:10:55',0),(7,160,160,-1,'2023-04-05 09:10:55',0),(7,160,161,-1,'2023-04-05 09:10:55',0),(7,160,162,-1,'2023-04-05 09:10:55',0),(7,160,163,-1,'2023-04-05 09:10:55',0),(7,160,164,-1,'2023-04-05 09:10:55',0),(7,160,165,-1,'2023-04-05 09:10:55',0),(7,161,137,10,'2023-05-07 09:45:03',0),(7,161,138,9.4,'2023-06-09 11:37:12',0),(7,161,139,9.9,'2023-05-04 14:20:23',0),(7,161,140,9.9,'2023-06-25 21:36:09',0),(7,161,141,9.8,'2023-05-18 16:04:58',0),(7,161,142,9.7,'2023-05-07 10:07:41',0),(7,161,143,8.3,'2023-04-07 11:15:41',0),(7,161,144,9.1,'2023-04-05 09:19:33',0),(7,161,145,9.7,'2023-04-06 13:58:40',0),(7,161,146,6.8,'2023-05-18 16:13:01',0),(7,161,147,8.9,'2023-04-06 09:39:05',0),(7,161,148,-1,'2023-04-05 09:10:55',0),(7,161,149,8.4,'2023-05-07 09:54:28',0),(7,161,150,6.2,'2023-05-05 09:33:57',0),(7,161,151,-1,'2023-04-05 09:10:55',0),(7,161,152,10,'2023-06-20 17:19:24',0),(7,161,153,10,'2023-06-25 21:26:38',0),(7,161,154,9.1,'2023-05-07 10:02:25',0),(7,161,155,9.9,'2023-05-18 16:19:34',0),(7,161,156,9.9,'2023-06-09 11:18:13',0),(7,161,157,-1,'2023-04-05 09:10:55',0),(7,161,158,9.7,'2023-04-06 13:53:33',0),(7,161,159,9.9,'2023-04-06 09:30:26',0),(7,161,160,-1,'2023-04-05 09:10:55',0),(7,161,161,9.4,'2023-04-05 09:29:42',0),(7,161,162,10,'2023-06-09 11:24:58',0),(7,161,163,-1,'2023-04-05 09:10:55',0),(7,161,164,9.8,'2023-05-18 16:34:52',0),(7,161,165,10,'2023-06-09 11:14:18',0),(7,162,137,10,'2023-05-07 09:47:18',0),(7,162,138,8.7,'2023-06-09 11:33:55',0),(7,162,139,9.3,'2023-05-04 14:17:22',0),(7,162,140,9.2,'2023-06-25 21:33:54',0),(7,162,141,9.7,'2023-05-18 16:06:13',0),(7,162,142,9.3,'2023-05-07 10:11:25',0),(7,162,143,8.7,'2023-04-07 11:17:34',0),(7,162,144,9.3,'2023-04-05 09:20:39',0),(7,162,145,9.4,'2023-04-06 14:00:54',0),(7,162,146,8,'2023-05-18 16:12:10',0),(7,162,147,8.7,'2023-04-06 09:39:23',0),(7,162,148,-1,'2023-04-05 09:10:55',0),(7,162,149,8.9,'2023-05-07 09:51:42',0),(7,162,150,8.2,'2023-05-05 09:37:10',0),(7,162,151,8.7,'2023-05-07 09:59:13',0),(7,162,152,9.7,'2023-06-20 17:18:06',0),(7,162,153,9.5,'2023-06-25 21:26:05',0),(7,162,154,9.3,'2023-05-07 10:04:29',0),(7,162,155,9.6,'2023-05-18 16:20:30',0),(7,162,156,9.1,'2023-06-09 11:20:18',0),(7,162,157,-1,'2023-04-05 09:10:56',0),(7,162,158,9.4,'2023-04-06 13:55:28',0),(7,162,159,9.9,'2023-04-06 09:32:37',0),(7,162,160,-1,'2023-04-05 09:10:56',0),(7,162,161,9.5,'2023-04-05 09:28:27',0),(7,162,162,9.7,'2023-06-09 11:24:09',0),(7,162,163,-1,'2023-04-05 09:10:56',0),(7,162,164,9.1,'2023-05-18 16:32:52',0),(7,162,165,9.7,'2023-06-09 11:12:48',0),(7,163,137,-1,'2023-04-05 09:10:56',0),(7,163,138,-1,'2023-04-05 09:10:56',0),(7,163,139,-1,'2023-04-05 09:10:56',0),(7,163,140,-1,'2023-04-05 09:10:56',0),(7,163,141,-1,'2023-04-05 09:10:56',0),(7,163,142,-1,'2023-04-05 09:10:56',0),(7,163,143,-1,'2023-04-05 09:10:56',0),(7,163,144,-1,'2023-04-05 09:10:56',0),(7,163,145,-1,'2023-04-05 09:10:56',0),(7,163,146,-1,'2023-04-05 09:10:56',0),(7,163,147,8.9,'2023-04-06 09:44:21',0),(7,163,148,-1,'2023-04-05 09:10:56',0),(7,163,149,8.2,'2023-05-07 09:54:17',0),(7,163,150,-1,'2023-04-05 09:10:56',0),(7,163,151,-1,'2023-04-05 09:10:56',0),(7,163,152,-1,'2023-04-05 09:10:56',0),(7,163,153,-1,'2023-04-05 09:10:56',0),(7,163,154,-1,'2023-04-05 09:10:56',0),(7,163,155,-1,'2023-04-05 09:10:56',0),(7,163,156,-1,'2023-04-05 09:10:56',0),(7,163,157,-1,'2023-04-05 09:10:56',0),(7,163,158,9.1,'2023-04-06 13:54:19',0),(7,163,159,9.9,'2023-04-06 09:31:18',0),(7,163,160,-1,'2023-04-05 09:10:56',0),(7,163,161,9.4,'2023-04-05 09:27:05',0),(7,163,162,-1,'2023-04-05 09:10:56',0),(7,163,163,-1,'2023-04-05 09:10:56',0),(7,163,164,-1,'2023-04-05 09:10:56',0),(7,163,165,-1,'2023-04-05 09:10:56',0),(7,164,137,10,'2023-05-07 09:48:11',0),(7,164,138,9.1,'2023-06-09 11:36:26',0),(7,164,139,9.9,'2023-05-04 14:19:33',0),(7,164,140,9.3,'2023-06-25 21:33:06',0),(7,164,141,9.8,'2023-05-18 16:06:59',0),(7,164,142,9.5,'2023-05-07 10:07:02',0),(7,164,143,8.3,'2023-04-07 11:15:53',0),(7,164,144,8.8,'2023-04-05 09:21:32',0),(7,164,145,10,'2023-04-06 14:01:09',0),(7,164,146,9,'2023-05-18 16:12:39',0),(7,164,147,9.1,'2023-04-06 09:41:45',0),(7,164,148,-1,'2023-04-05 09:10:56',0),(7,164,149,7.6,'2023-05-07 09:53:06',0),(7,164,150,7.3,'2023-05-05 09:36:04',0),(7,164,151,-1,'2023-04-05 09:10:56',0),(7,164,152,9.9,'2023-06-20 17:18:28',0),(7,164,153,9.7,'2023-06-25 21:27:36',0),(7,164,154,9.3,'2023-05-07 10:03:58',0),(7,164,155,9.9,'2023-05-18 16:18:29',0),(7,164,156,9.2,'2023-06-09 11:17:37',0),(7,164,157,-1,'2023-04-05 09:10:56',0),(7,164,158,9.3,'2023-04-06 13:54:47',0),(7,164,159,9.9,'2023-04-06 09:32:07',0),(7,164,160,-1,'2023-04-05 09:10:56',0),(7,164,161,9.1,'2023-04-05 09:27:13',0),(7,164,162,10,'2023-06-09 11:27:18',0),(7,164,163,-1,'2023-04-05 09:10:56',0),(7,164,164,9.1,'2023-05-18 16:37:14',0),(7,164,165,9.7,'2023-06-09 11:15:37',0),(7,165,137,-1,'2023-04-05 09:10:57',0),(7,165,138,8.9,'2023-06-09 11:36:05',0),(7,165,139,10,'2023-05-04 14:22:42',0),(7,165,140,-1,'2023-04-05 09:10:57',0),(7,165,141,9.9,'2023-05-18 16:03:10',0),(7,165,142,9.8,'2023-05-07 10:11:00',0),(7,165,143,8.8,'2023-04-07 11:18:33',0),(7,165,144,-1,'2023-04-05 09:10:57',0),(7,165,145,9.8,'2023-04-06 13:59:23',0),(7,165,146,8.6,'2023-05-18 16:11:52',0),(7,165,147,8.9,'2023-04-06 09:42:37',0),(7,165,148,-1,'2023-04-05 09:10:57',0),(7,165,149,8.8,'2023-05-07 09:52:10',0),(7,165,150,7.1,'2023-05-05 09:36:47',0),(7,165,151,-1,'2023-04-05 09:10:57',0),(7,165,152,10,'2023-06-20 17:18:49',0),(7,165,153,9.9,'2023-06-25 21:26:16',0),(7,165,154,9.5,'2023-05-07 10:04:51',0),(7,165,155,9.5,'2023-05-18 16:19:41',0),(7,165,156,9.7,'2023-06-09 11:18:56',0),(7,165,157,-1,'2023-04-05 09:10:57',0),(7,165,158,9.4,'2023-04-06 13:54:28',0),(7,165,159,9.9,'2023-04-06 09:31:04',0),(7,165,160,-1,'2023-04-05 09:10:57',0),(7,165,161,-1,'2023-04-05 09:10:57',0),(7,165,162,9.8,'2023-06-09 11:27:59',0),(7,165,163,-1,'2023-04-05 09:10:57',0),(7,165,164,9.6,'2023-05-18 16:35:43',0),(7,165,165,10,'2023-06-09 11:12:11',0),(8,166,166,7.5,'2024-04-22 08:59:24',0),(8,166,167,9,'2024-04-11 13:32:38',0),(8,166,168,-1,'2024-04-06 07:21:16',0),(8,166,169,-1,'2024-04-06 07:21:16',0),(8,166,170,-1,'2024-04-06 07:21:16',0),(8,166,171,8.4,'2024-04-11 13:29:00',0),(8,166,172,9.8,'2024-06-20 09:42:56',0),(8,166,173,-1,'2024-04-06 07:21:16',0),(8,166,174,-1,'2024-04-06 07:21:16',0),(8,166,175,-1,'2024-04-06 07:21:16',0),(8,166,176,-1,'2024-04-06 07:21:16',0),(8,166,177,-1,'2024-04-06 07:21:16',0),(8,166,178,-1,'2024-04-06 07:21:16',0),(8,166,179,9.8,'2024-05-17 10:48:16',0),(8,166,180,8.9,'2024-04-22 09:04:10',0),(8,166,181,9.5,'2024-06-27 22:43:27',0),(8,166,182,-1,'2024-04-06 07:21:16',0),(8,166,183,-1,'2024-04-06 07:21:16',0),(8,166,184,-1,'2024-04-06 07:21:16',0),(8,166,185,-1,'2024-04-06 07:21:16',0),(8,166,186,-1,'2024-04-06 07:21:16',0),(8,166,187,-1,'2024-04-06 07:21:16',0),(8,166,188,-1,'2024-04-06 07:21:16',0),(8,166,189,8.8,'2024-05-17 10:54:02',0),(8,166,190,-1,'2024-04-06 07:21:16',0),(8,167,166,7,'2024-04-22 08:56:23',0),(8,167,167,9.1,'2024-04-11 13:37:38',0),(8,167,168,8.7,'2024-06-20 09:45:13',0),(8,167,169,8.1,'2024-04-06 07:57:44',0),(8,167,170,-1,'2024-04-06 07:21:16',0),(8,167,171,9.2,'2024-04-11 13:26:59',0),(8,167,172,8.6,'2024-06-20 09:39:40',0),(8,167,173,8.8,'2024-06-27 22:42:25',0),(8,167,174,7.9,'2024-06-20 09:49:34',0),(8,167,175,6.3,'2024-04-06 07:27:56',0),(8,167,176,-1,'2024-04-06 07:21:16',0),(8,167,177,8.1,'2024-05-17 10:42:21',0),(8,167,178,9,'2024-04-29 09:47:16',0),(8,167,179,8.5,'2024-05-17 10:48:11',0),(8,167,180,8.5,'2024-04-22 09:02:40',0),(8,167,181,9.3,'2024-06-27 22:45:34',0),(8,167,182,8.5,'2024-06-20 09:53:50',0),(8,167,183,-1,'2024-04-06 07:21:16',0),(8,167,184,7.6,'2024-06-20 09:40:57',0),(8,167,185,8.7,'2024-04-29 09:41:13',0),(8,167,186,8.6,'2024-06-27 22:48:41',0),(8,167,187,-1,'2024-04-06 07:21:16',0),(8,167,188,9.5,'2024-07-22 11:24:57',0),(8,167,189,9.1,'2024-05-17 10:54:14',0),(8,167,190,8.3,'2024-05-06 22:09:51',0),(8,168,166,6.8,'2024-04-22 08:58:33',0),(8,168,167,9.2,'2024-04-11 13:33:06',0),(8,168,168,9.7,'2024-06-20 09:46:57',0),(8,168,169,8.5,'2024-04-06 07:56:11',0),(8,168,170,-1,'2024-04-06 07:21:17',0),(8,168,171,8.9,'2024-04-11 13:27:51',0),(8,168,172,9.1,'2024-06-20 09:39:13',0),(8,168,173,-1,'2024-04-06 07:21:17',0),(8,168,174,8.3,'2024-06-20 09:48:31',0),(8,168,175,7.3,'2024-04-06 07:26:53',0),(8,168,176,-1,'2024-04-06 07:21:17',0),(8,168,177,8.7,'2024-05-17 10:43:14',0),(8,168,178,9.6,'2024-04-29 09:49:14',0),(8,168,179,9.8,'2024-05-17 10:48:33',0),(8,168,180,8.6,'2024-04-22 09:03:06',0),(8,168,181,-1,'2024-04-06 07:21:17',0),(8,168,182,9.2,'2024-06-20 09:51:05',0),(8,168,183,-1,'2024-04-06 07:21:17',0),(8,168,184,7.5,'2024-06-20 09:42:04',0),(8,168,185,9.6,'2024-04-29 09:41:55',0),(8,168,186,9.2,'2024-06-27 23:19:50',0),(8,168,187,-1,'2024-04-06 07:21:17',0),(8,168,188,9.8,'2024-07-22 11:23:37',0),(8,168,189,8.9,'2024-05-17 10:53:34',0),(8,168,190,9.4,'2024-05-06 22:10:54',0),(8,169,166,5.9,'2024-04-22 08:58:07',0),(8,169,167,-1,'2024-04-06 07:21:17',0),(8,169,168,9.8,'2024-06-20 09:44:23',0),(8,169,169,9.6,'2024-04-06 07:22:38',0),(8,169,170,-1,'2024-04-06 07:21:17',0),(8,169,171,-1,'2024-04-06 07:21:17',0),(8,169,172,-1,'2024-04-06 07:21:17',0),(8,169,173,8.8,'2024-06-27 22:41:54',0),(8,169,174,8.8,'2024-06-20 09:47:47',0),(8,169,175,8.3,'2024-04-06 07:25:58',0),(8,169,176,-1,'2024-04-06 07:21:17',0),(8,169,177,-1,'2024-04-06 07:21:17',0),(8,169,178,10,'2024-04-29 09:46:55',0),(8,169,179,10,'2024-05-17 10:49:54',0),(8,169,180,9.8,'2024-04-22 09:05:23',0),(8,169,181,8.5,'2024-06-27 22:46:30',0),(8,169,182,-1,'2024-04-06 07:21:17',0),(8,169,183,-1,'2024-04-06 07:21:17',0),(8,169,184,-1,'2024-04-06 07:21:17',0),(8,169,185,9.6,'2024-04-29 09:43:22',0),(8,169,186,-1,'2024-04-06 07:21:17',0),(8,169,187,-1,'2024-04-06 07:21:17',0),(8,169,188,-1,'2024-04-06 07:21:17',0),(8,169,189,9.3,'2024-05-17 10:51:33',0),(8,169,190,9.5,'2024-05-06 22:31:33',0),(8,170,166,-1,'2024-04-06 07:21:17',0),(8,170,167,-1,'2024-04-06 07:21:17',0),(8,170,168,-1,'2024-04-06 07:21:17',0),(8,170,169,7.9,'2024-04-06 07:57:17',0),(8,170,170,-1,'2024-04-06 07:21:17',0),(8,170,171,-1,'2024-04-06 07:21:17',0),(8,170,172,-1,'2024-04-06 07:21:17',0),(8,170,173,-1,'2024-04-06 07:21:17',0),(8,170,174,-1,'2024-04-06 07:21:17',0),(8,170,175,6.1,'2024-04-06 07:26:27',0),(8,170,176,-1,'2024-04-06 07:21:17',0),(8,170,177,-1,'2024-04-06 07:21:17',0),(8,170,178,-1,'2024-04-06 07:21:17',0),(8,170,179,9,'2024-05-17 10:51:07',0),(8,170,180,-1,'2024-04-06 07:21:17',0),(8,170,181,-1,'2024-04-06 07:21:17',0),(8,170,182,-1,'2024-04-06 07:21:17',0),(8,170,183,-1,'2024-04-06 07:21:17',0),(8,170,184,-1,'2024-04-06 07:21:18',0),(8,170,185,-1,'2024-04-06 07:21:18',0),(8,170,186,-1,'2024-04-06 07:21:18',0),(8,170,187,-1,'2024-04-06 07:21:18',0),(8,170,188,-1,'2024-04-06 07:21:18',0),(8,170,189,-1,'2024-04-06 07:21:18',0),(8,170,190,-1,'2024-04-06 07:21:18',0),(8,171,166,7.8,'2024-04-22 08:56:14',0),(8,171,167,9.7,'2024-04-11 13:33:28',0),(8,171,168,10,'2024-06-20 09:44:39',0),(8,171,169,8.9,'2024-04-06 07:58:57',0),(8,171,170,-1,'2024-04-06 07:21:18',0),(8,171,171,9.2,'2024-04-11 13:30:54',0),(8,171,172,-1,'2024-04-06 07:21:18',0),(8,171,173,8.4,'2024-06-27 22:40:52',0),(8,171,174,9,'2024-06-20 09:48:11',0),(8,171,175,7.5,'2024-04-06 07:29:39',0),(8,171,176,-1,'2024-04-06 07:21:18',0),(8,171,177,9.1,'2024-05-17 10:40:52',0),(8,171,178,10,'2024-04-29 09:48:22',0),(8,171,179,9.6,'2024-05-17 10:49:36',0),(8,171,180,9.6,'2024-04-22 09:03:22',0),(8,171,181,9.9,'2024-06-27 22:45:27',0),(8,171,182,9.2,'2024-06-20 09:54:10',0),(8,171,183,-1,'2024-04-06 07:21:18',0),(8,171,184,-1,'2024-04-06 07:21:18',0),(8,171,185,9.3,'2024-04-29 09:42:23',0),(8,171,186,-1,'2024-04-06 07:21:18',0),(8,171,187,-1,'2024-04-06 07:21:18',0),(8,171,188,-1,'2024-04-06 07:21:18',0),(8,171,189,9.4,'2024-05-17 10:53:25',0),(8,171,190,-1,'2024-04-06 07:21:18',0),(8,172,166,7.2,'2024-04-22 08:56:58',0),(8,172,167,8.6,'2024-04-11 13:32:57',0),(8,172,168,9.3,'2024-06-20 09:45:02',0),(8,172,169,9,'2024-04-06 07:58:12',0),(8,172,170,-1,'2024-04-06 07:21:18',0),(8,172,171,9.2,'2024-04-11 13:26:48',0),(8,172,172,9.1,'2024-06-20 09:40:09',0),(8,172,173,9.1,'2024-06-27 22:41:41',0),(8,172,174,8.3,'2024-06-20 09:49:23',0),(8,172,175,7.4,'2024-04-06 07:27:45',0),(8,172,176,-1,'2024-04-06 07:21:18',0),(8,172,177,8.3,'2024-05-17 10:42:30',0),(8,172,178,9.6,'2024-04-29 09:47:54',0),(8,172,179,9.9,'2024-05-17 10:47:29',0),(8,172,180,8.7,'2024-04-22 09:02:17',0),(8,172,181,9.3,'2024-06-27 22:46:41',0),(8,172,182,-1,'2024-04-06 07:21:18',0),(8,172,183,-1,'2024-04-06 07:21:18',0),(8,172,184,7.4,'2024-06-20 09:40:38',0),(8,172,185,9.8,'2024-04-29 09:42:07',0),(8,172,186,8,'2024-06-27 22:48:32',0),(8,172,187,-1,'2024-04-06 07:21:18',0),(8,172,188,9.9,'2024-07-22 11:24:42',0),(8,172,189,9,'2024-05-17 10:55:20',0),(8,172,190,8.9,'2024-05-06 22:10:36',0),(8,173,166,7,'2024-04-22 08:56:34',0),(8,173,167,7.7,'2024-04-11 13:35:34',0),(8,173,168,-1,'2024-04-06 07:21:19',0),(8,173,169,8.6,'2024-04-06 07:58:03',0),(8,173,170,-1,'2024-04-06 07:21:19',0),(8,173,171,9.6,'2024-04-11 13:27:09',0),(8,173,172,8.8,'2024-06-20 09:39:20',0),(8,173,173,8.8,'2024-06-27 22:42:13',0),(8,173,174,-1,'2024-04-06 07:21:19',0),(8,173,175,6.1,'2024-04-06 07:28:13',0),(8,173,176,-1,'2024-04-06 07:21:19',0),(8,173,177,8.3,'2024-05-17 10:42:12',0),(8,173,178,8.8,'2024-04-29 09:47:42',0),(8,173,179,8.6,'2024-05-17 10:47:44',0),(8,173,180,8.3,'2024-04-22 09:02:27',0),(8,173,181,9.1,'2024-06-27 22:46:12',0),(8,173,182,8.5,'2024-06-20 09:53:38',0),(8,173,183,-1,'2024-04-06 07:21:19',0),(8,173,184,7.7,'2024-06-20 09:40:46',0),(8,173,185,8,'2024-04-29 09:40:44',0),(8,173,186,8.7,'2024-06-27 22:49:05',0),(8,173,187,-1,'2024-04-06 07:21:19',0),(8,173,188,9.4,'2024-07-22 11:25:10',0),(8,173,189,9.3,'2024-05-17 10:54:20',0),(8,173,190,8.2,'2024-05-06 22:10:00',0),(8,174,166,7.5,'2024-04-22 08:56:45',0),(8,174,167,9.5,'2024-04-11 13:38:11',0),(8,174,168,9.4,'2024-06-20 09:44:49',0),(8,174,169,8.7,'2024-04-06 08:00:14',0),(8,174,170,-1,'2024-04-06 07:21:19',0),(8,174,171,9.3,'2024-04-11 13:29:27',0),(8,174,172,-1,'2024-04-06 07:21:19',0),(8,174,173,8.5,'2024-06-27 22:39:51',0),(8,174,174,8.5,'2024-06-20 09:52:03',0),(8,174,175,7.3,'2024-04-06 07:29:23',0),(8,174,176,-1,'2024-04-06 07:21:19',0),(8,174,177,8.8,'2024-05-17 10:41:11',0),(8,174,178,10,'2024-04-29 09:48:32',0),(8,174,179,9.4,'2024-05-17 10:49:28',0),(8,174,180,9.8,'2024-04-22 09:01:40',0),(8,174,181,9.9,'2024-06-27 22:45:08',0),(8,174,182,9.1,'2024-06-20 09:54:18',0),(8,174,183,-1,'2024-04-06 07:21:19',0),(8,174,184,-1,'2024-04-06 07:21:19',0),(8,174,185,9.2,'2024-04-29 09:45:01',0),(8,174,186,-1,'2024-04-06 07:21:19',0),(8,174,187,-1,'2024-04-06 07:21:19',0),(8,174,188,-1,'2024-04-06 07:21:19',0),(8,174,189,9.2,'2024-05-17 10:53:01',0),(8,174,190,8.9,'2024-05-06 22:09:09',0),(8,175,166,7.4,'2024-04-22 08:57:55',0),(8,175,167,9.1,'2024-04-11 13:36:38',0),(8,175,168,10,'2024-06-20 09:45:24',0),(8,175,169,8.2,'2024-04-06 07:58:32',0),(8,175,170,-1,'2024-04-06 07:21:19',0),(8,175,171,9.5,'2024-04-11 13:28:34',0),(8,175,172,9.3,'2024-06-20 09:38:57',0),(8,175,173,8.1,'2024-06-27 22:41:06',0),(8,175,174,-1,'2024-04-06 07:21:19',0),(8,175,175,6.9,'2024-04-06 07:24:13',0),(8,175,176,-1,'2024-04-06 07:21:19',0),(8,175,177,-1,'2024-04-06 07:21:19',0),(8,175,178,9.8,'2024-04-29 09:48:07',0),(8,175,179,9.7,'2024-05-17 10:47:15',0),(8,175,180,8.6,'2024-04-22 09:03:51',0),(8,175,181,9,'2024-06-27 22:45:59',0),(8,175,182,9.3,'2024-06-20 09:52:53',0),(8,175,183,-1,'2024-04-06 07:21:20',0),(8,175,184,-1,'2024-04-06 07:21:20',0),(8,175,185,9.6,'2024-04-29 09:40:28',0),(8,175,186,9.1,'2024-06-27 23:17:54',0),(8,175,187,-1,'2024-04-06 07:21:20',0),(8,175,188,9.7,'2024-07-22 11:24:18',0),(8,175,189,9.2,'2024-05-17 10:52:10',0),(8,175,190,9.4,'2024-05-06 22:31:46',0),(8,176,166,-1,'2024-04-06 07:21:20',0),(8,176,167,-1,'2024-04-06 07:21:20',0),(8,176,168,-1,'2024-04-06 07:21:20',0),(8,176,169,-1,'2024-04-06 07:21:20',0),(8,176,170,-1,'2024-04-06 07:21:20',0),(8,176,171,-1,'2024-04-06 07:21:20',0),(8,176,172,-1,'2024-04-06 07:21:20',0),(8,176,173,-1,'2024-04-06 07:21:20',0),(8,176,174,-1,'2024-04-06 07:21:20',0),(8,176,175,-1,'2024-04-06 07:21:20',0),(8,176,176,-1,'2024-04-06 07:21:20',0),(8,176,177,-1,'2024-04-06 07:21:20',0),(8,176,178,-1,'2024-04-06 07:21:20',0),(8,176,179,9,'2024-05-17 10:50:37',0),(8,176,180,-1,'2024-04-06 07:21:20',0),(8,176,181,-1,'2024-04-06 07:21:20',0),(8,176,182,-1,'2024-04-06 07:21:20',0),(8,176,183,-1,'2024-04-06 07:21:20',0),(8,176,184,-1,'2024-04-06 07:21:20',0),(8,176,185,-1,'2024-04-06 07:21:20',0),(8,176,186,-1,'2024-04-06 07:21:20',0),(8,176,187,-1,'2024-04-06 07:21:20',0),(8,176,188,-1,'2024-04-06 07:21:20',0),(8,176,189,-1,'2024-04-06 07:21:20',0),(8,176,190,-1,'2024-04-06 07:21:20',0),(8,177,166,-1,'2024-04-06 07:21:20',0),(8,177,167,8.7,'2024-04-11 13:32:04',0),(8,177,168,-1,'2024-04-06 07:21:20',0),(8,177,169,9.3,'2024-04-06 07:59:32',0),(8,177,170,-1,'2024-04-06 07:21:20',0),(8,177,171,9.8,'2024-04-11 13:27:28',0),(8,177,172,-1,'2024-04-06 07:21:20',0),(8,177,173,-1,'2024-04-06 07:21:20',0),(8,177,174,8.8,'2024-06-20 09:49:52',0),(8,177,175,-1,'2024-04-06 07:21:20',0),(8,177,176,-1,'2024-04-06 07:21:20',0),(8,177,177,8.6,'2024-06-27 09:27:51',0),(8,177,178,9.9,'2024-04-29 09:50:42',0),(8,177,179,9.6,'2024-05-17 10:47:23',0),(8,177,180,9.1,'2024-04-22 09:04:20',0),(8,177,181,9.2,'2024-06-27 22:44:43',0),(8,177,182,9.5,'2024-06-20 09:53:18',0),(8,177,183,-1,'2024-04-06 07:21:20',0),(8,177,184,-1,'2024-04-06 07:21:20',0),(8,177,185,8.3,'2024-04-29 09:42:52',0),(8,177,186,9.4,'2024-06-27 23:17:00',0),(8,177,187,-1,'2024-04-06 07:21:20',0),(8,177,188,-1,'2024-04-06 07:21:20',0),(8,177,189,9.2,'2024-05-17 10:52:30',0),(8,177,190,-1,'2024-04-06 07:21:20',0),(8,178,166,7.2,'2024-04-22 08:55:55',0),(8,178,167,9.6,'2024-04-11 13:29:58',0),(8,178,168,10,'2024-06-20 09:44:31',0),(8,178,169,9.4,'2024-04-06 07:59:22',0),(8,178,170,-1,'2024-04-06 07:21:21',0),(8,178,171,8.4,'2024-04-11 13:29:40',0),(8,178,172,-1,'2024-04-06 07:21:21',0),(8,178,173,7.8,'2024-06-27 22:40:33',0),(8,178,174,8,'2024-06-20 09:48:02',0),(8,178,175,7.6,'2024-04-06 07:29:49',0),(8,178,176,-1,'2024-04-06 07:21:21',0),(8,178,177,8.8,'2024-05-17 10:42:59',0),(8,178,178,9.3,'2024-04-29 09:57:04',0),(8,178,179,7.5,'2024-04-06 08:06:50',0),(8,178,180,9.8,'2024-04-22 09:04:01',0),(8,178,181,9.8,'2024-06-27 22:45:17',0),(8,178,182,9.3,'2024-06-20 09:54:27',0),(8,178,183,-1,'2024-04-06 07:21:21',0),(8,178,184,-1,'2024-04-06 07:21:21',0),(8,178,185,9.1,'2024-04-29 09:43:09',0),(8,178,186,-1,'2024-04-06 07:21:21',0),(8,178,187,-1,'2024-04-06 07:21:21',0),(8,178,188,-1,'2024-04-06 07:21:21',0),(8,178,189,9.5,'2024-05-17 10:53:53',0),(8,178,190,8.9,'2024-05-06 22:09:20',0),(8,179,166,7.3,'2024-04-22 08:57:10',0),(8,179,167,9.3,'2024-04-11 13:33:18',0),(8,179,168,9.8,'2024-06-20 09:45:58',0),(8,179,169,8.6,'2024-04-06 07:55:50',0),(8,179,170,-1,'2024-04-06 07:21:21',0),(8,179,171,8.6,'2024-04-11 13:29:18',0),(8,179,172,9.7,'2024-06-20 09:42:29',0),(8,179,173,-1,'2024-04-06 07:21:21',0),(8,179,174,8.4,'2024-06-20 09:48:42',0),(8,179,175,6.8,'2024-04-06 07:30:01',0),(8,179,176,-1,'2024-04-06 07:21:21',0),(8,179,177,8.8,'2024-05-17 10:43:06',0),(8,179,178,9.7,'2024-04-29 09:46:28',0),(8,179,179,9.1,'2024-05-17 10:51:01',0),(8,179,180,8.8,'2024-04-22 09:02:06',0),(8,179,181,9.1,'2024-06-27 22:46:21',0),(8,179,182,9.4,'2024-06-20 09:54:01',0),(8,179,183,-1,'2024-04-06 07:21:21',0),(8,179,184,7.6,'2024-06-20 09:41:56',0),(8,179,185,9.6,'2024-04-29 09:40:54',0),(8,179,186,9.1,'2024-06-27 23:20:02',0),(8,179,187,-1,'2024-04-06 07:21:21',0),(8,179,188,9.7,'2024-07-22 11:23:49',0),(8,179,189,9.3,'2024-05-17 10:53:46',0),(8,179,190,9.1,'2024-05-06 22:09:32',0),(8,180,166,-1,'2024-04-06 07:21:21',0),(8,180,167,9.3,'2024-04-11 13:36:15',0),(8,180,168,9.9,'2024-06-20 09:45:42',0),(8,180,169,9.4,'2024-04-06 08:00:02',0),(8,180,170,-1,'2024-04-06 07:21:21',0),(8,180,171,9.1,'2024-04-11 13:28:19',0),(8,180,172,9.8,'2024-06-20 09:39:05',0),(8,180,173,8.3,'2024-06-27 22:41:23',0),(8,180,174,-1,'2024-04-06 07:21:21',0),(8,180,175,7.6,'2024-04-06 07:27:34',0),(8,180,176,-1,'2024-04-06 07:21:21',0),(8,180,177,8.7,'2024-05-17 10:43:33',0),(8,180,178,9.8,'2024-04-29 09:48:15',0),(8,180,179,9.8,'2024-05-17 10:46:37',0),(8,180,180,9,'2024-04-22 09:05:30',0),(8,180,181,-1,'2024-04-06 07:21:22',0),(8,180,182,9.2,'2024-06-20 09:53:03',0),(8,180,183,-1,'2024-04-06 07:21:22',0),(8,180,184,7.2,'2024-06-20 09:41:39',0),(8,180,185,9.3,'2024-04-29 09:40:14',0),(8,180,186,9.7,'2024-06-27 23:17:26',0),(8,180,187,-1,'2024-04-06 07:21:22',0),(8,180,188,9.7,'2024-07-22 11:23:59',0),(8,180,189,9.2,'2024-05-17 10:51:54',0),(8,180,190,8.6,'2024-05-06 22:11:05',0),(8,181,166,-1,'2024-04-06 07:21:22',0),(8,181,167,8.1,'2024-04-11 13:36:04',0),(8,181,168,9.3,'2024-06-20 09:46:38',0),(8,181,169,9.1,'2024-04-06 07:56:56',0),(8,181,170,-1,'2024-04-06 07:21:22',0),(8,181,171,8.1,'2024-04-11 13:29:09',0),(8,181,172,-1,'2024-04-06 07:21:22',0),(8,181,173,8.8,'2024-06-27 22:40:05',0),(8,181,174,7.9,'2024-06-20 09:50:02',0),(8,181,175,6.9,'2024-04-06 07:28:55',0),(8,181,176,-1,'2024-04-06 07:21:22',0),(8,181,177,-1,'2024-04-06 07:21:22',0),(8,181,178,9.2,'2024-04-29 09:46:02',0),(8,181,179,9.1,'2024-05-17 10:48:49',0),(8,181,180,-1,'2024-04-06 07:21:22',0),(8,181,181,9.3,'2024-06-27 22:47:11',0),(8,181,182,8.1,'2024-06-20 09:51:29',0),(8,181,183,-1,'2024-04-06 07:21:22',0),(8,181,184,-1,'2024-04-06 07:21:22',0),(8,181,185,8.6,'2024-04-29 09:40:04',0),(8,181,186,8.7,'2024-06-27 22:48:20',0),(8,181,187,-1,'2024-04-06 07:21:22',0),(8,181,188,9.8,'2024-07-22 11:23:28',0),(8,181,189,-1,'2024-04-06 07:21:22',0),(8,181,190,-1,'2024-04-06 07:21:22',0),(8,182,166,6.8,'2024-04-22 08:58:19',0),(8,182,167,8.1,'2024-04-11 13:32:27',0),(8,182,168,-1,'2024-04-06 07:21:22',0),(8,182,169,8.4,'2024-04-06 07:56:30',0),(8,182,170,-1,'2024-04-06 07:21:22',0),(8,182,171,9,'2024-04-11 13:28:02',0),(8,182,172,-1,'2024-04-06 07:21:22',0),(8,182,173,-1,'2024-04-06 07:21:22',0),(8,182,174,8.4,'2024-06-20 09:48:51',0),(8,182,175,9.5,'2024-04-06 07:26:41',0),(8,182,176,-1,'2024-04-06 07:21:22',0),(8,182,177,8.1,'2024-05-17 10:42:52',0),(8,182,178,9.7,'2024-04-29 09:47:06',0),(8,182,179,9.2,'2024-05-17 10:46:56',0),(8,182,180,8,'2024-04-22 09:04:44',0),(8,182,181,9.2,'2024-06-27 22:45:52',0),(8,182,182,9,'2024-06-20 09:54:51',0),(8,182,183,-1,'2024-04-06 07:21:22',0),(8,182,184,-1,'2024-04-06 07:21:22',0),(8,182,185,9.6,'2024-04-29 09:42:43',0),(8,182,186,9.1,'2024-06-27 23:18:24',0),(8,182,187,-1,'2024-04-06 07:21:22',0),(8,182,188,-1,'2024-04-06 07:21:23',0),(8,182,189,8.8,'2024-05-17 10:52:01',0),(8,182,190,9.4,'2024-05-06 22:11:13',0),(8,183,166,-1,'2024-04-06 07:21:23',0),(8,183,167,9.6,'2024-04-11 13:31:55',0),(8,183,168,-1,'2024-04-06 07:21:23',0),(8,183,169,7.7,'2024-04-06 07:57:28',0),(8,183,170,-1,'2024-04-06 07:21:23',0),(8,183,171,9.7,'2024-04-11 13:24:30',0),(8,183,172,-1,'2024-04-06 07:21:23',0),(8,183,173,-1,'2024-04-06 07:21:23',0),(8,183,174,-1,'2024-04-06 07:21:23',0),(8,183,175,6.1,'2024-04-06 07:26:12',0),(8,183,176,-1,'2024-04-06 07:21:23',0),(8,183,177,-1,'2024-04-06 07:21:23',0),(8,183,178,-1,'2024-04-06 07:21:23',0),(8,183,179,9,'2024-05-17 10:50:31',0),(8,183,180,-1,'2024-04-06 07:21:23',0),(8,183,181,-1,'2024-04-06 07:21:23',0),(8,183,182,-1,'2024-04-06 07:21:23',0),(8,183,183,-1,'2024-04-06 07:21:23',0),(8,183,184,-1,'2024-04-06 07:21:23',0),(8,183,185,-1,'2024-04-06 07:21:23',0),(8,183,186,-1,'2024-04-06 07:21:23',0),(8,183,187,-1,'2024-04-06 07:21:23',0),(8,183,188,-1,'2024-04-06 07:21:23',0),(8,183,189,-1,'2024-04-06 07:21:23',0),(8,183,190,-1,'2024-04-06 07:21:23',0),(8,184,166,-1,'2024-04-06 07:21:23',0),(8,184,167,9.1,'2024-04-11 13:36:49',0),(8,184,168,10,'2024-06-20 09:45:49',0),(8,184,169,9.7,'2024-04-06 07:59:50',0),(8,184,170,-1,'2024-04-06 07:21:23',0),(8,184,171,8.1,'2024-04-11 13:24:14',0),(8,184,172,9.3,'2024-06-20 09:38:24',0),(8,184,173,8.7,'2024-06-27 22:41:31',0),(8,184,174,8.1,'2024-06-20 09:48:23',0),(8,184,175,5.3,'2024-04-06 07:27:08',0),(8,184,176,-1,'2024-04-06 07:21:23',0),(8,184,177,7.3,'2024-05-17 10:40:38',0),(8,184,178,9.5,'2024-04-29 09:46:47',0),(8,184,179,9.7,'2024-05-17 10:49:19',0),(8,184,180,-1,'2024-04-06 07:21:23',0),(8,184,181,9.7,'2024-06-27 22:44:57',0),(8,184,182,8.4,'2024-06-20 09:51:12',0),(8,184,183,-1,'2024-04-06 07:21:23',0),(8,184,184,7.4,'2024-06-20 09:43:54',0),(8,184,185,9.1,'2024-04-29 09:41:45',0),(8,184,186,9.4,'2024-06-27 23:17:17',0),(8,184,187,-1,'2024-04-06 07:21:23',0),(8,184,188,9.6,'2024-07-22 11:25:51',0),(8,184,189,8.6,'2024-05-17 10:55:30',0),(8,184,190,9,'2024-05-06 22:31:22',0),(8,185,166,7.4,'2024-04-22 08:58:58',0),(8,185,167,9.5,'2024-04-11 13:35:51',0),(8,185,168,9.5,'2024-06-20 09:46:14',0),(8,185,169,9.2,'2024-04-06 07:57:05',0),(8,185,170,-1,'2024-04-06 07:21:23',0),(8,185,171,9.7,'2024-04-11 13:28:51',0),(8,185,172,9.4,'2024-06-20 09:38:33',0),(8,185,173,8.3,'2024-06-27 22:40:13',0),(8,185,174,8.1,'2024-06-20 09:49:15',0),(8,185,175,6.6,'2024-04-06 07:29:08',0),(8,185,176,-1,'2024-04-06 07:21:24',0),(8,185,177,7.5,'2024-05-17 10:42:38',0),(8,185,178,9.3,'2024-04-29 09:46:12',0),(8,185,179,8.8,'2024-05-17 10:49:07',0),(8,185,180,8.9,'2024-04-22 09:02:56',0),(8,185,181,8.2,'2024-06-27 22:43:55',0),(8,185,182,8,'2024-06-20 09:51:37',0),(8,185,183,-1,'2024-04-06 07:21:24',0),(8,185,184,7.9,'2024-06-20 09:41:06',0),(8,185,185,9.2,'2024-04-29 09:45:29',0),(8,185,186,7.9,'2024-06-27 23:18:37',0),(8,185,187,-1,'2024-04-06 07:21:24',0),(8,185,188,9.7,'2024-07-22 11:25:29',0),(8,185,189,9.3,'2024-05-17 10:52:38',0),(8,185,190,6.9,'2024-05-06 22:10:23',0),(8,186,166,7.3,'2024-04-22 08:57:38',0),(8,186,167,8.8,'2024-04-11 13:37:02',0),(8,186,168,9.9,'2024-06-20 09:46:30',0),(8,186,169,8.6,'2024-04-06 07:59:10',0),(8,186,170,-1,'2024-04-06 07:21:24',0),(8,186,171,9.2,'2024-04-11 13:28:11',0),(8,186,172,8.3,'2024-06-20 09:38:49',0),(8,186,173,-1,'2024-04-06 07:21:24',0),(8,186,174,8.3,'2024-06-20 09:49:07',0),(8,186,175,7.3,'2024-04-06 07:30:15',0),(8,186,176,-1,'2024-04-06 07:21:24',0),(8,186,177,8.1,'2024-05-17 10:43:22',0),(8,186,178,9.8,'2024-04-29 09:48:50',0),(8,186,179,9.4,'2024-05-17 10:46:25',0),(8,186,180,8.7,'2024-04-22 09:03:43',0),(8,186,181,9.1,'2024-06-27 22:43:06',0),(8,186,182,9.3,'2024-06-20 09:53:27',0),(8,186,183,-1,'2024-04-06 07:21:24',0),(8,186,184,6.9,'2024-06-20 09:42:12',0),(8,186,185,9.4,'2024-04-29 09:41:35',0),(8,186,186,9,'2024-06-27 23:19:26',0),(8,186,187,-1,'2024-04-06 07:21:24',0),(8,186,188,9.4,'2024-07-22 11:24:29',0),(8,186,189,-1,'2024-04-06 07:21:24',0),(8,186,190,8.7,'2024-05-06 22:10:45',0),(8,187,166,-1,'2024-04-06 07:21:24',0),(8,187,167,7.9,'2024-04-11 13:35:24',0),(8,187,168,-1,'2024-04-06 07:21:24',0),(8,187,169,8.5,'2024-04-06 07:58:22',0),(8,187,170,-1,'2024-04-06 07:21:24',0),(8,187,171,9.9,'2024-04-11 13:27:19',0),(8,187,172,-1,'2024-04-06 07:21:24',0),(8,187,173,-1,'2024-04-06 07:21:24',0),(8,187,174,-1,'2024-04-06 07:21:24',0),(8,187,175,6.4,'2024-04-06 07:28:27',0),(8,187,176,-1,'2024-04-06 07:21:24',0),(8,187,177,-1,'2024-04-06 07:21:24',0),(8,187,178,8.7,'2024-04-29 09:47:24',0),(8,187,179,8.8,'2024-05-17 10:47:36',0),(8,187,180,-1,'2024-04-06 07:21:24',0),(8,187,181,-1,'2024-04-06 07:21:24',0),(8,187,182,-1,'2024-04-06 07:21:24',0),(8,187,183,-1,'2024-04-06 07:21:25',0),(8,187,184,-1,'2024-04-06 07:21:25',0),(8,187,185,8.1,'2024-04-29 09:40:36',0),(8,187,186,-1,'2024-04-06 07:21:25',0),(8,187,187,-1,'2024-04-06 07:21:25',0),(8,187,188,-1,'2024-04-06 07:21:25',0),(8,187,189,8.8,'2024-05-17 10:54:31',0),(8,187,190,-1,'2024-04-06 07:21:25',0),(8,188,166,8.6,'2024-04-22 08:58:49',0),(8,188,167,9,'2024-04-11 13:35:43',0),(8,188,168,8.8,'2024-06-20 09:46:21',0),(8,188,169,8.2,'2024-04-06 07:58:45',0),(8,188,170,-1,'2024-04-06 07:21:25',0),(8,188,171,8.7,'2024-04-11 13:28:43',0),(8,188,172,8.8,'2024-06-20 09:38:41',0),(8,188,173,9.1,'2024-06-27 22:40:23',0),(8,188,174,7.8,'2024-06-20 09:49:43',0),(8,188,175,6.6,'2024-04-06 07:28:43',0),(8,188,176,-1,'2024-04-06 07:21:25',0),(8,188,177,-1,'2024-04-06 07:21:25',0),(8,188,178,-1,'2024-04-06 07:21:25',0),(8,188,179,8.3,'2024-05-17 10:48:59',0),(8,188,180,8.1,'2024-04-22 09:01:54',0),(8,188,181,9.2,'2024-06-27 22:43:43',0),(8,188,182,8,'2024-06-20 09:51:21',0),(8,188,183,-1,'2024-04-06 07:21:25',0),(8,188,184,7.7,'2024-06-20 09:41:15',0),(8,188,185,-1,'2024-04-06 07:21:25',0),(8,188,186,8,'2024-06-27 23:19:40',0),(8,188,187,-1,'2024-04-06 07:21:25',0),(8,188,188,9.7,'2024-07-22 11:26:04',0),(8,188,189,9,'2024-05-17 10:52:52',0),(8,188,190,7.6,'2024-05-06 22:10:11',0),(8,189,166,7.6,'2024-04-22 08:57:20',0),(8,189,167,9.2,'2024-04-11 13:32:49',0),(8,189,168,9.8,'2024-06-20 09:46:07',0),(8,189,169,-1,'2024-04-06 07:21:25',0),(8,189,170,-1,'2024-04-06 07:21:25',0),(8,189,171,9,'2024-04-11 13:27:39',0),(8,189,172,9.6,'2024-06-20 09:42:40',0),(8,189,173,-1,'2024-04-06 07:21:25',0),(8,189,174,-1,'2024-04-06 07:21:25',0),(8,189,175,-1,'2024-04-06 07:21:25',0),(8,189,176,-1,'2024-04-06 07:21:25',0),(8,189,177,9,'2024-05-17 10:43:40',0),(8,189,178,9.9,'2024-04-29 09:46:19',0),(8,189,179,9.9,'2024-05-17 10:48:27',0),(8,189,180,9.1,'2024-04-22 09:03:31',0),(8,189,181,-1,'2024-04-06 07:21:25',0),(8,189,182,-1,'2024-04-06 07:21:25',0),(8,189,183,-1,'2024-04-06 07:21:25',0),(8,189,184,7.4,'2024-06-20 09:41:29',0),(8,189,185,9.4,'2024-04-29 09:41:04',0),(8,189,186,-1,'2024-04-06 07:21:25',0),(8,189,187,-1,'2024-04-06 07:21:25',0),(8,189,188,-1,'2024-04-06 07:21:26',0),(8,189,189,9.2,'2024-05-17 10:56:08',0),(8,189,190,-1,'2024-04-06 07:21:26',0),(8,190,166,-1,'2024-04-06 07:21:26',0),(8,190,167,-1,'2024-04-06 07:21:26',0),(8,190,168,9.8,'2024-06-20 09:45:32',0),(8,190,169,9.3,'2024-04-06 07:56:41',0),(8,190,170,-1,'2024-04-06 07:21:26',0),(8,190,171,-1,'2024-04-06 07:21:26',0),(8,190,172,8.6,'2024-06-20 09:39:31',0),(8,190,173,-1,'2024-04-06 07:21:26',0),(8,190,174,8.8,'2024-06-20 09:48:59',0),(8,190,175,-1,'2024-04-06 07:21:26',0),(8,190,176,-1,'2024-04-06 07:21:26',0),(8,190,177,-1,'2024-04-06 07:21:26',0),(8,190,178,9.5,'2024-04-29 09:44:21',0),(8,190,179,9,'2024-05-17 10:51:15',0),(8,190,180,9.3,'2024-04-22 09:04:28',0),(8,190,181,8.9,'2024-06-27 22:44:28',0),(8,190,182,-1,'2024-04-06 07:21:26',0),(8,190,183,-1,'2024-04-06 07:21:26',0),(8,190,184,6.1,'2024-06-20 09:41:46',0),(8,190,185,9,'2024-04-29 09:44:03',0),(8,190,186,-1,'2024-04-06 07:21:26',0),(8,190,187,-1,'2024-04-06 07:21:26',0),(8,190,188,-1,'2024-04-06 07:21:26',0),(8,190,189,-1,'2024-04-06 07:21:26',0),(8,190,190,8.9,'2024-05-06 22:32:02',0);
/*!40000 ALTER TABLE `avaliacao_has_avaliadores` ENABLE KEYS */;
UNLOCK TABLES;

--
-- Table structure for table `avaliacao_has_questao`
--

DROP TABLE IF EXISTS `avaliacao_has_questao`;
/*!40101 SET @saved_cs_client     = @@character_set_client */;
/*!50503 SET character_set_client = utf8mb4 */;
CREATE TABLE `avaliacao_has_questao` (
  `avaliacao_id_avaliacao` int NOT NULL,
  `questao_id_questao` int NOT NULL,
  `nota` int NOT NULL DEFAULT '-1',
  PRIMARY KEY (`avaliacao_id_avaliacao`,`questao_id_questao`),
  KEY `fk_avaliacao_has_questao_questao1_idx` (`questao_id_questao`),
  KEY `fk_avaliacao_has_questao_avaliacao1_idx` (`avaliacao_id_avaliacao`),
  CONSTRAINT `fk_avaliacao_has_questao_avaliacao1` FOREIGN KEY (`avaliacao_id_avaliacao`) REFERENCES `avaliacao` (`id_avaliacao`),
  CONSTRAINT `fk_avaliacao_has_questao_questao1` FOREIGN KEY (`questao_id_questao`) REFERENCES `questao` (`id_questao`)
) ENGINE=InnoDB DEFAULT CHARSET=utf8mb3;
/*!40101 SET character_set_client = @saved_cs_client */;

--
-- Dumping data for table `avaliacao_has_questao`
--

LOCK TABLES `avaliacao_has_questao` WRITE;
/*!40000 ALTER TABLE `avaliacao_has_questao` DISABLE KEYS */;
/*!40000 ALTER TABLE `avaliacao_has_questao` ENABLE KEYS */;
UNLOCK TABLES;

--
-- Table structure for table `avaliado`
--

DROP TABLE IF EXISTS `avaliado`;
/*!40101 SET @saved_cs_client     = @@character_set_client */;
/*!50503 SET character_set_client = utf8mb4 */;
CREATE TABLE `avaliado` (
  `pessoa_id_pessoa` int NOT NULL,
  `tema_apresentado` varchar(255) DEFAULT NULL,
  PRIMARY KEY (`pessoa_id_pessoa`),
  CONSTRAINT `fk_avaliado_pessoa1` FOREIGN KEY (`pessoa_id_pessoa`) REFERENCES `pessoa` (`id_pessoa`)
) ENGINE=InnoDB DEFAULT CHARSET=utf8mb3;
/*!40101 SET character_set_client = @saved_cs_client */;

--
-- Dumping data for table `avaliado`
--

LOCK TABLES `avaliado` WRITE;
/*!40000 ALTER TABLE `avaliado` DISABLE KEYS */;
INSERT INTO `avaliado` VALUES (137,''),(138,''),(139,''),(140,''),(141,''),(142,''),(143,''),(144,''),(145,''),(146,''),(147,''),(148,''),(149,''),(150,''),(151,''),(152,''),(153,''),(154,''),(155,''),(156,''),(157,''),(158,''),(159,''),(160,''),(161,''),(162,''),(163,''),(164,''),(165,''),(166,''),(167,''),(168,''),(169,''),(170,''),(171,''),(172,''),(173,''),(174,''),(175,''),(176,''),(177,''),(178,''),(179,''),(180,''),(181,''),(182,''),(183,''),(184,''),(185,''),(186,''),(187,''),(188,''),(189,''),(190,'');
/*!40000 ALTER TABLE `avaliado` ENABLE KEYS */;
UNLOCK TABLES;

--
-- Table structure for table `avaliador`
--

DROP TABLE IF EXISTS `avaliador`;
/*!40101 SET @saved_cs_client     = @@character_set_client */;
/*!50503 SET character_set_client = utf8mb4 */;
CREATE TABLE `avaliador` (
  `pessoa_id_pessoa` int NOT NULL,
  PRIMARY KEY (`pessoa_id_pessoa`),
  CONSTRAINT `fk_avaliador_pessoa1` FOREIGN KEY (`pessoa_id_pessoa`) REFERENCES `pessoa` (`id_pessoa`)
) ENGINE=InnoDB DEFAULT CHARSET=utf8mb3;
/*!40101 SET character_set_client = @saved_cs_client */;

--
-- Dumping data for table `avaliador`
--

LOCK TABLES `avaliador` WRITE;
/*!40000 ALTER TABLE `avaliador` DISABLE KEYS */;
INSERT INTO `avaliador` VALUES (137),(138),(139),(140),(141),(142),(143),(144),(145),(146),(147),(148),(149),(150),(151),(152),(153),(154),(155),(156),(157),(158),(159),(160),(161),(162),(163),(164),(165),(166),(167),(168),(169),(170),(171),(172),(173),(174),(175),(176),(177),(178),(179),(180),(181),(182),(183),(184),(185),(186),(187),(188),(189),(190);
/*!40000 ALTER TABLE `avaliador` ENABLE KEYS */;
UNLOCK TABLES;

--
-- Table structure for table `pessoa`
--

DROP TABLE IF EXISTS `pessoa`;
/*!40101 SET @saved_cs_client     = @@character_set_client */;
/*!50503 SET character_set_client = utf8mb4 */;
CREATE TABLE `pessoa` (
  `id_pessoa` int NOT NULL AUTO_INCREMENT,
  `nome_pessoa` varchar(50) NOT NULL,
  `email_pessoa` varchar(70) NOT NULL,
  `senha_pessoa` varchar(32) NOT NULL,
  `primeiroAcesso` tinyint(1) NOT NULL DEFAULT '1',
  PRIMARY KEY (`id_pessoa`),
  UNIQUE KEY `email_pessoa_UNIQUE` (`email_pessoa`)
) ENGINE=InnoDB AUTO_INCREMENT=193 DEFAULT CHARSET=utf8mb3;
/*!40101 SET character_set_client = @saved_cs_client */;

--
-- Dumping data for table `pessoa`
--

LOCK TABLES `pessoa` WRITE;
/*!40000 ALTER TABLE `pessoa` DISABLE KEYS */;
INSERT INTO `pessoa` VALUES (74,'Radames J. Halmeman','rjhalmeman@gmail.com','8b5533a1a63eba1a608aea67f09a452b',1),(78,'ANA RAYSSA MACHADO','anarayssa@alunos.utfpr.edu.br','',1),(79,'BRENDA KIRATZ CONRADO',' brendaconrado@alunos.utfpr.edu.br','',1),(80,'CARLOS EDUARDO ZORAWSKI',' zorawski00@gmail.com','',1),(81,'CHRISTOPHER EDUARDO ZAI',' christopher.310704@alunos.utfpr.edu.br','',1),(82,'DIMITRI GARALUZ DALA ROSA',' dimitri@alunos.utfpr.edu.br','',1),(83,'FELIPE ANTONIO LUDERS GONSALES',' gonsales@alunos.utfpr.edu.br','',1),(84,'GABRIEL CRACO TASARZ',' gabriel_craco@hotmail.com','',1),(85,'GABRIELLY SOUZA TRINDADE',' gabriellysouzatrindade@gmail.com','',1),(86,'HENRIQUE DE ALMEIDA ALVES',' halves@alunos.utfpr.edu.br','',1),(87,'ISABELLY CAMILE DE JESUS DE OLIVEIRA',' isabellycamile8@gmail.com','',1),(88,'JOAO AUGUSTO DO NASCIMENTO',' joaon.2003@alunos.utfpr.edu.br','',1),(89,'JOAO PAULO TOVO',' joaotovo@alunos.utfpr.edu.br','',1),(90,'JORDAN DUZANOWSKI BONFIM',' falecomjordan@hotmail.com','',1),(91,'JULIANO RUBIO SANGALETI',' julianosangaleti@alunos.utfpr.edu.br','',1),(92,'LAINE SOZIM CORTE',' lainepanoc@hotmail.com','',1),(93,'LEONARDO JUN ITY OZIMA',' leonardoozima@alunos.utfpr.edu.br','',1),(94,'LEONARDO THEODORO FERRAIS',' leotheodoro2004@hotmail.com','',1),(95,'LUCAS ANTONIO MARCAO',' lucasantoniomarcao@alunos.utfpr.edu.br','',1),(96,'LUIZ GUILHERME GERON MANFRIM COELHO',' luizguilhermecoelho@alunos.utfpr.edu.br','',1),(97,'LUIZ GUSTAVO DO NASCIMENTO FERREIRA',' luiz.2004@alunos.utfpr.edu.br','',1),(98,'MARIA CLARA POLICARTI ROVERSO',' maria.2004@alunos.utfpr.edu.br','',1),(99,'MARIA EDUARDA BARBOSA ROMERO',' mariaeduardaromero@alunos.utfpr.edu.br','',1),(100,'MARIA EDUARDA ESTEVES CAMPANHA',' mariacampanha@alunos.utfpr.edu.br','',1),(101,'MARIA FERNANDA DE ASSIS',' massis@alunos.utfpr.edu.br','',1),(102,'MURILLO ANTHONY GUILHERME SILVA',' murillo.2004@alunos.utfpr.edu.br','',1),(103,'NATHAN MOREIRA DETONI',' nathandetoni@alunos.utfpr.edu.br','',1),(104,'NICOLAS LAVERDE SERMANOVICZ',' sermanovicz@alunos.utfpr.edu.br','',1),(105,'PEDRO HENRIQUE RAISER ANTUNES',' pedroantunes@alunos.utfpr.edu.br','',1),(106,'RAFAEL AUGUSTO DE SOUZA',' rafaelaugusto@alunos.utfpr.edu.br','',1),(107,'THIAGO RAMOS VELOZO',' velozo@alunos.utfpr.edu.br','',1),(137,'ANA LUIZA SENGER MACOWSKI',' anamacowski@alunos.utfpr.edu.br','',1),(138,'ANA PAULA DE OLIVEIRA',' ana.2005@alunos.utfpr.edu.br','',1),(139,'ANDRE FELIPE WONSIK ALVES',' aalves.2020@alunos.utfpr.edu.br','',1),(140,'BEATRIZ CAROLINE MOGGIO',' beatrizcarolinemoggio@alunos.utfpr.edu.br','',1),(141,'CARLOS VINICIUS FRANCISCO RODRIGUES',' rodriguesc@alunos.utfpr.edu.br','',1),(142,'CAROLINE MARQUES LAU',' carolinelau@alunos.utfpr.edu.br','',1),(143,'EBER FELIPE BARROTTI LOUBACK',' eberlouback@alunos.utfpr.edu.br','',1),(144,'EDUARDO VITORINO DE OLIVEIRA',' eduardovitorino@alunos.utfpr.edu.br','',1),(145,'ERICK MOLINA GEHRING',' erickmolinagehring@alunos.utfpr.edu.br','',1),(146,'GABRIEL COLOMBO CRUZ',' cruz.2004@alunos.utfpr.edu.br','',1),(147,'GABRIEL REITZ CARDOSO',' gabrieldodoso@gmail.com','',1),(148,'GABRIELA VACCARELLI',' gabrielavaccarelli@alunos.utfpr.edu.br','',1),(149,'HEMANUELLY DA SILVA MORAIS',' hemanuellydasmorais@gmail.com','',1),(150,'HENRIQUE CESAR KORIYAMA CAMILOTTO',' camilotto@alunos.utfpr.edu.br','',1),(151,'HEVELLYN EMANUELLY MAHNIC NEVES',' hevellyn@alunos.utfpr.edu.br','',1),(152,'ISABELA CAMILLE BAROTTO JANGUAS',' isabelacamille@alunos.utfpr.edu.br','',1),(153,'ISABELLY PATRICIO',' ipatricio@alunos.utfpr.edu.br','',1),(154,'JULIA ISTCHUK DE OLIVEIRA',' juliaistchuk@alunos.utfpr.edu.br','',1),(155,'LUIS FERNANDO GRIGOLETO HIRATA',' luishirata@alunos.utfpr.edu.br','',1),(156,'LUIZA BATISTA BASSETO',' luizabasseto.1@gmail.com','',1),(157,'LUIZA DA SILVA TEIXEIRA',' luizateixeira@alunos.utfpr.edu.br','',1),(158,'MARCELA DAGOSTIN FERNANDES',' marcelaf@alunos.utfpr.edu.br','',1),(159,'MARIA LUIZA SILVA OLIVEIRA',' marialuizaoliveira@alunos.utfpr.edu.br','',1),(160,'MARIA VITORIA POLIDO DE SOUZA',' mariavitoriapsmv@gmail.com','',1),(161,'MARINA MENDONCA ARRUDA',' marinamendonca@alunos.utfpr.edu.br','',1),(162,'MATEUS BATICHOTTI SILVA',' mateusbatichotti@alunos.utfpr.edu.br','',1),(163,'PAMELA DE PAULA MELLO',' pamelamello@alunos.utfpr.edu.br','',1),(164,'THIAGO ANTONIO SANTOS',' tsantos.2020@alunos.utfpr.edu.br','',1),(165,'VICTORIA STEPHANIE MOTTIN',' vmottin@alunos.utfpr.edu.br','',1),(166,'ANA BEATRIZ MACEDO DE SOUZA',' anasouza.2021@alunos.utfpr.edu.br','',1),(167,'ANA BEATRIZ SCARABELOT CHORNOBAI',' anachornobai@alunos.utfpr.edu.br','',1),(168,'CAIO DE OLIVEIRA BOTELHO',' caiobotelho@alunos.utfpr.edu.br','',1),(169,'DIOGO KOVALEK DE ALMEIDA',' diogokovalek@alunos.utfpr.edu.br','',1),(170,'EDUARDO DA SILVA',' eduardosilva.2005@alunos.utfpr.edu.br','',1),(171,'EDUARDO HIROMI RUIZ NODAK',' eduardonodak@alunos.utfpr.edu.br','',1),(172,'FABIA MYLENA MENDES UCHOA GOMES',' fabiamylena@alunos.utfpr.edu.br','',1),(173,'FRANCIELI SANTANA MACHADO',' francielisantana@alunos.utfpr.edu.br','',1),(174,'GABRIEL MEN SECONELO',' gabrielseconelo@alunos.utfpr.edu.br','',1),(175,'GUSTAVO CERUTTI NUNES DA SILVA',' gustavocerutti456@gmail.com','',1),(176,'HELOISA FAVERO MEZARI',' heloisamezari@alunos.utfpr.edu.br','',1),(177,'IGOR DE OLIVEIRA DOS SANTOS',' igoroliveirasantos@alunos.utfpr.edu.br','',1),(178,'ISIS SILVA LOPES',' lopesi@alunos.utfpr.edu.br','',1),(179,'IZABELLY BARTOLINI FARIAS',' izabellybartolini@alunos.utfpr.edu.br','',1),(180,'JOSE VINICIUS GRECCO',' joseviniciusgrecco05@gmail.com','',1),(181,'KAWANE BATISTA GULANOSKI',' gulanoski@alunos.utfpr.edu.br','',1),(182,'LEONARDO ROCHA PONTIM',' pontim@alunos.utfpr.edu.br','',1),(183,'MARIA EDUARDA DOS SANTOS PINHEIRO',' mariaeduardapinheiro@alunos.utfpr.edu.br','',1),(184,'MARIA EDUARDA MENDES',' mariaeduardamendes@alunos.utfpr.edu.br','',1),(185,'MILENE RIBEIRO RESNIK',' resnik@alunos.utfpr.edu.br','',1),(186,'NICOLAS MATEUS NIEPECHI BARSZCZ',' nicolasbarszcz@alunos.utfpr.edu.br','',1),(187,'OLIVIA RODRIGUES FOGACA',' oliviafogaca@alunos.utfpr.edu.br','',1),(188,'RAFAEL MARIOT',' rafaelmariot.2005@alunos.utfpr.edu.br','',1),(189,'RITA YUMI FURUKAWA DA SILVA',' rita@alunos.utfpr.edu.br','',1),(190,'VICTOR HUGO DE OLIVEIRA',' victorhugooliveira@alunos.utfpr.edu.br','',1),(192,'Timocreia','timocreia@gmail.com','123',1);
/*!40000 ALTER TABLE `pessoa` ENABLE KEYS */;
UNLOCK TABLES;

--
-- Table structure for table `professor`
--

DROP TABLE IF EXISTS `professor`;
/*!40101 SET @saved_cs_client     = @@character_set_client */;
/*!50503 SET character_set_client = utf8mb4 */;
CREATE TABLE `professor` (
  `pessoa_id_pessoa` int NOT NULL,
  `mnemonico` varchar(45) NOT NULL,
  `departamento` varchar(45) DEFAULT NULL,
  PRIMARY KEY (`pessoa_id_pessoa`),
  CONSTRAINT `fk_professor_pessoa1` FOREIGN KEY (`pessoa_id_pessoa`) REFERENCES `pessoa` (`id_pessoa`)
) ENGINE=InnoDB DEFAULT CHARSET=utf8mb3;
/*!40101 SET character_set_client = @saved_cs_client */;

--
-- Dumping data for table `professor`
--

LOCK TABLES `professor` WRITE;
/*!40000 ALTER TABLE `professor` DISABLE KEYS */;
INSERT INTO `professor` VALUES (74,'Rdms','DACOM');
/*!40000 ALTER TABLE `professor` ENABLE KEYS */;
UNLOCK TABLES;

--
-- Table structure for table `questao`
--

DROP TABLE IF EXISTS `questao`;
/*!40101 SET @saved_cs_client     = @@character_set_client */;
/*!50503 SET character_set_client = utf8mb4 */;
CREATE TABLE `questao` (
  `id_questao` int NOT NULL,
  `texto` varchar(45) NOT NULL,
  `nota_maxima` int NOT NULL,
  `texto_complementar` varchar(255) DEFAULT NULL,
  PRIMARY KEY (`id_questao`)
) ENGINE=InnoDB DEFAULT CHARSET=utf8mb3;
/*!40101 SET character_set_client = @saved_cs_client */;

--
-- Dumping data for table `questao`
--

LOCK TABLES `questao` WRITE;
/*!40000 ALTER TABLE `questao` DISABLE KEYS */;
/*!40000 ALTER TABLE `questao` ENABLE KEYS */;
UNLOCK TABLES;
/*!40103 SET TIME_ZONE=@OLD_TIME_ZONE */;

/*!40101 SET SQL_MODE=@OLD_SQL_MODE */;
/*!40014 SET FOREIGN_KEY_CHECKS=@OLD_FOREIGN_KEY_CHECKS */;
/*!40014 SET UNIQUE_CHECKS=@OLD_UNIQUE_CHECKS */;
/*!40101 SET CHARACTER_SET_CLIENT=@OLD_CHARACTER_SET_CLIENT */;
/*!40101 SET CHARACTER_SET_RESULTS=@OLD_CHARACTER_SET_RESULTS */;
/*!40101 SET COLLATION_CONNECTION=@OLD_COLLATION_CONNECTION */;
/*!40111 SET SQL_NOTES=@OLD_SQL_NOTES */;

-- Dump completed on 2025-08-13 15:58:35
